분과,소분과,기관명(국문),기관명(영문),대표자성명(국문),주소(국문),주소(영문),전화번호,홈페이지,담당부서,직통전화,소개글(국문),소개글(영문)
MICE전문시설,유니크베뉴,(재)영화의전당,BusanCinemaCenter,고인범,부산광역시해운대구수영강변대로120,"120,Suyeonggangbyeon-daero,Haeundae-gu,Busan,RepublicofKorea",051-780-6000,www.dureraum.org,마이스,051-780-6142,"영화의전당은영화,공연,전시,행사등다양한문화를체험할수있는부산의대표적인복합영상문화공간입니다.아시아최고의필름페스티벌인부산국제영화제를비롯한다양한국제행사가열리는장소로,평소에는예술영화,고전영화,대중영화등여러장르의영화를상영하고공연과전시등이열리고있습니다.영화의전당건물은뛰어난조형성과건축미학을자랑합니다.비프힐,더블콘,시네마운틴등총3개의건물로이루어져있으며시네마운틴과비프힐사이에는거대한지붕인빅루프와그아래로주요행사장인야외극장이자리하고있습니다.야외극장은최대6,000여명을수용할수있으며,거대한스크린과5.1채널을지원하는스테레오스피커등을갖추고있어대규모행사를개최하기에적합합니다.밤이면빅루프에설치된LED조명이만들어내는무지개색의화려한야경과함께하는행사를진행할수있습니다.","Busan Cinema Center is an iconiccinematicculturalspaceinBusanwherevisitorscanexperiencevariousculturalactivitiessuchasmovies,performances,exhibitionsandevents.Thecenterisaplacewherevariousinternationaleventsareheld,includingBIFF(BusanInternationalFilmFestival),thebestfilmfestivalinAsia.Throughouttheyear,differentgenreofmovies-artistic,classicandpopularareshownatthecentertogetherwithotherperformancesandexhibitions.TheBusanCinemaCenterbuildingboastsaninterestingshapewitharchitecturalbeauty.Itconsistsof3majorbuildings--BIFFHill,DoubleConeandCinemountain.BigRoofwithahugeceiling,isinstalledbetweenCinemountainandBIFFHill.BIFFTheater,thecenter’smaineventvenue,islocatedunderBigRoof.Withamaximumcapacityof6,000visitors,alongwithhugescreensanda5.1channelstereospeakersystem,BIFFTheateristailoredforhostingbigevents.Atnight,BigRoof’sLEDsystemboastsbeautifulrainbowlighting,providingvisitorsanopportunitytoenjoyaluxuriousnightlightshow."
MICE전문시설,유니크베뉴,F1963(고려제강),F1963(KiswireLtd),주종대,부산시수영구구락로141번길37,"37,Gurak-ro141beon-gil,Suyeong-gu,Busan",051-760-1963,http://www.f1963.org/ko/,F1963부문,051-760-1956,"F1963은2016년부산비엔날레를계기로탄생했으며“F”는Factory(공장),1963은수영공장이완공된연도를의미합니다.F1963은재생건축을통해새로운가치를만들고재생의아름다움이더욱돋보이는공간이되었습니다.설비라인이있던공장은전시와공연이가능한장소로재탄생해융복합문화예술이펼쳐지는석천홀로재탄생했습니다.대형크레인이매달려있던자리는동서고전지혜의북타워가세워졌고오랜공장의천장을허물고조성한F1963스퀘어는하늘과땅이맞닿은공간으로다양한문화예술행사가개최되고있습니다.와이어의곧고유연한속성을을닮은대나무숲,넉넉한그늘쉼터단풍가든,사계절의아름다움을담은비밀의정원달빛가든은도심속친환경열린공간입니다.전시장,도서관,서점등다양한문화예술의컨텐츠를향유할수있는문화공간이며,모든세대가즐기며365일활기넘치는문화공장입니다.","F1963,theletter“F”standsforfactorywhile“1963”denotestheyearthatKiswirebuiltitsfirstfactoryinBusan’sSuyeongDistrict.Reincarnationofaspacefromafloorwithfullofequipmenttoanexhibitionandperformancehall.OnthespacewhereamassivecraneusedtobestoodabooktowerofwisdomfromclassicalliteratureoftheEastandWest.Theoldfactoryceilingistorndowntocreateasquarewheretheskytouchedtheearth.TheMoonlightGardenandBambooSoriTrailareforestswithinthecitythatoffervisitorsapeacefulandrelaxingenvironment.F1963isaculturalspaceforpeopleofallagesandgenerations,fromyoungtoold,toenjoy365daysayear.Thisspaceprovidesvisitorswithvariousartsandculturecontentsthroughitsexhibitionhall,library,andbookstore."
MICE전문시설,호텔/숙박,주)해운대씨클라우드호텔레지던스,HaeundaeseacloudhotelResidence,손영학,부산광역시해운대구해운대해변로287씨클라우드호텔617호,"6F,287,Haeundaehaebyeon-ro.Haeundae,RepublicofsouthKorea",051-933-6000,www.seacloudceo.com,관리,051-933-6012,"해운대해수욕장의가운데지역에위치한해운대씨클라우드호텔레지던스는국내최초의레지던스호텔로서호텔에서해운대를가장아름답게조망할수있는격조있는객실과비즈니스및가족,레져여행객을위한최적의호텔입니다.",
MICE전문시설,호텔/숙박,라마다앙코르해운대호텔,Ramadahaeundaehotel,박대식대표,부산광역시해운대구구남로9,"9,Gunam-ro,Haeundae-gu,Busan,RepublicofKorea",051-610-3000,http://www.ramadaencorehaeundae.com,판촉팀,051-610-3000,"해운대역(부산2호선)에서바로앞에위치한라마다앙코르바이윈덤부산해운대는해운대의해변과도시를모두찾는고객에게가장편안한여행의경험을선사합니다.해운대해수욕장까지도보500m로아름다운바다를가깝게만날수있으며,부산의맛을느낄수있는다양한먹거리도쉽게찾을수있습니다.","LocatedrightinfrontofHaeundaeStation(BusanLine2),RamadaAngkorBywindomBusanHaeundaeoffersthemostcomfortabletravelexperienceforcustomersvisitingbothHaeundaebeachesandcities.Itisa500mwalktoHaeundaeBeach,whereyoucanmeetthebeautifulseaclosely,andyoucaneasilyfindavarietyoffoodswhereyoucantastethetasteofBusan."
MICE전문시설,호텔/숙박,베니키아마리안느호텔,BENIKEAMARIANNEHOTEL,이종근,부산시해운대구해운대해변로310,"310,Haeundaehaebyeon-ro,Haeundae-gu,Busan,RepublicofKorea",051-606-0600,http://www.mariannehotel.co.kr/,판촉관리,051-606-0600,"해운대 백사장 3분 거리 및 근처 관광 명소 유명맛집 근접한 위치, 총 127객실로 바다가 보이는 오션뷰와 도심이 보이는 씨티뷰 동시 보유",
MICE전문시설,유니크베뉴,부산시립미술관,BusanMuseumofArt,기혜경,부산시해운대구APEC로58,"(48060)58APEC-RO,HAEUNDAE-GU,BUSAN",051-744-2602,https://www.instagram.com/busanmuseumofart,마이스,051-740-4265,"1998년개관한부산시립미술관은파도모습을닮은건물의외형을통해부산의특성을시각화하고있다.한국을넘어세계의해양수도이자국제관광도시를꿈꾸는부산의행보에발맞추어부산시립미술관은지난20년을돌아보며새로운20년을기획하여실행에옮기고있다.그것은달라진관객들의행동양상과미술관에대한기대변화에부응할수있도록리노베이션을통해미술관의환경개선은물론미래를준비할수있도록체질을개선하고,스마트미술관구축을통해시공간을초월하여소통하는디지털네트워크시스템을마련하며,부산이가진다양한인프라를적극활용하여미술관의정체성을강화하는것을핵심으로한다.이것은전시,소장품,교육,문화행사등의미술관활동이전문성과대중성을갖추고시민들의삶속에서함께숨쉬는시민중심의문화예술플랫폼이자글로컬문화를선도하는문화기지로자리매김함을의미한다.이를통해부산시립미술관은‘시간을넘어선지속성＇과‘기대를넘어선경험‘,‘경계를넘어선관계＇를미술로엮어나가며“사람을잇고가치를담는21세기미술관＂으로거듭나고자한다.","TheconstructionofTheBusanMuseumofArtbeganonDecember12th,1994andfouryearslater,itwascompletedonFebruary25th,1998,withitsopeningonMarch20ththatyear.Withalandareaof21,560㎡(6,522pyeong)andagrossfloorareaof21,425㎡,theBusanMuseumofArtisathree-storybuildingwithtwoundergroundlevels,comprisedofexhibitionhalls,storagefacilities,Children’smuseum,educationalresearchrooms,officerooms,andtheopen-airsculpturepark,andmore.Itfurnishesawiderangeofartandculturewithartworksandartactivitiesthroughworksofartinvariousgenres,datacollection,exhibitions,research,andinternationalexchange.Inaddition,BusanMuseumofArtaimstotakepartininvigoratingartisticactivitiesbyprovidinganextraordinaryculturalspacecommensuratewithsettingofthe21st-centurymarinecityofNortheastAsia.ThereasonforitsfoundationistoincreasetheawarenessofBusancitizens’artandcultureandprovidespaceforsoundartactivities,andeventuallycontributetothedevelopmentofcultureandart.Thus,itwillsurelypullitsweightasacomprehensiveartvenueofcompositeartthatembracesdiversemodernartbutwithintensiveattentiontotheartsofBusanandGyeongsang-do.Also,itsupportsavarietyofartworksandartists’activitiessothatthepubliccaneasilyaccessthearts,aswellasexpandsthebaseofartists,andrevitalizesthecreationofart.Consequently,theBusanMuseumofArtwillplayaninnovativeroleinthefutureBusanartcircleandmakeabigcontributiontoitsowngrowthasaglobalpublicmuseum.WeatBusanMuseumofArtaremakingeveryefforttocreateahomelikespaceforcitizenstocomfortablyappreciateworksofart."
MICE전문시설,호텔/숙박,웨스틴조선부산,TheWestinJosunBusan,이주희,부산광역시해운대구동백로67,Dongbaekro67HaeundaeguBusan,051-749-7000,www.josunhotel.com,마케팅팀,051-749-7410,"웨스틴조선부산은세계최대의호텔체인그룹인매리어트인터네셔널(MarriottInternational)의체계적인호텔시스템과편리한시설,그리고다양한서비스를모두누리실수있습니다.탁트인해운대바다가내려다보이고,해안절경을따라해안산책로가조성된동백섬입구에위치해자연과함께하는휴식의즐거움을전해드릴것입니다.","TheWestinJosunBusan,amemberofinternationalhotelchaingroup,focusesonthesuperbcombinationofbusinessefficiencyandrelaxingresortservicesforbothbusinesstravelersandleisureguestswhoseekultimaterelaxationoverpanoramicbeachview.Surroundedalmostcompletelybywater,all290rooms,loungesandrestaurantsfeatureaspectacularviewofthebeach."
MICE전문시설,유니크베뉴,유엔평화기념관,UnitedNationsPeaceMemorialHall,김광우,부산광역시남구홍곡로320번길106,"(48532)106,Honggok-ro,320beon-gil,Nam-gu,Busan,RepublicofKorea",051-901-1400,www.unpm.or.kr,기념사업부,051-901-1406,"유엔평화기념관은국가보훈처산하국가기념관으로6·25전쟁당시대한민국의자유와평화를지키기위해이땅에서산화한UN참전국참전용사를기리고세계평화와관련된각종사업을추진하기위하여2014년건립되었습니다.상설·기획전시를통해이들의고귀한헌신을미래세대에전하고UN참전국기념사업전개와글로벌인적자원육성을목표로다양한교육사업을추진하고있습니다.공연및국제교류행사를진행할수있는컨벤션홀(369㎡)과세미나실(84석)을보유하고있으며1,000여명수용할수있는기념관공존의광장은대규모야외행사에적합합니다.또한부산을한눈에담을수있는전망대와PEACE워터폴에서는소규모칵테일파티나리셉션을열기에적합합니다.","UnitedNationsPeaceMemorialHall(UNPM)wasbuilttocommemoratetheKoreanWarveteransoftheUNAlliedNationsbyMinistryofPatriotsandVeteransAffairsin2014.UNPMopenspermanentandspecialexhibitions,performscommemorativeprojectsfortheUNAlliedNations,andcarriesoutvariouseducationprojectstocultivateglobalyouthleadersforworldpeace.Wehaveaconventionhall(369㎡)andaseminarroom(84seats)forperformancesandevents.Also,theobservatoryoverlookingBusanataglanceandthePeaceWaterfallaresuitableforsmallcocktailpartiesorreceptions."
MICE전문시설,호텔/숙박,토요코인코리아㈜부산역역점,ToyokoInnBusanStationNo.1,홍지명,부산시동구중앙대로196번길12,"12,Jungang-daero196beon-gil,Dong-gu,Busan48821SouthKorea",051-466-1045,www.toyoko-inn.co.kr,예약부서,051-466-1045,"토요코인의제일기본인컨셉은“철골로된역앞여관”으로옆앞은물론,공항앞등교통요지에위치하는편리함과,합리적인금액설정으로가족적인분위기와서비스를제공합니다.","ToyokoInnsoffermodern,Japanese-styleaccommodationsconvenientlylocatednearrailwaystationsandairports.Ourratesarereasonableandweprovideawarm,""feelathome""atmosphereandfriendlyservice."
MICE전문시설,호텔/숙박,한화호텔앤드리조트㈜,"HanwhaHotels&ResortsCo,.Ltd",김형조,부산광역시해운대구마린시티3로52한화리조트해운대,"52Marinecity3-ro,Haeundae-gu,Busan,Korea,HANWHARESORTSHaeundae",051-749-5500,https://www.hanwharesort.co.kr,MICE팀남부지사,051-749-5500,"한화리조트해운대부산의화려한변신을한눈에볼수있는한화리조트/해운대탁트인바다와화려한다이아몬드브릿지의감동이배가되는,품격있는객실로초대합니다.아름다운부산의야경이눈앞에펼쳐지는한화리조트/해운대에서잊지못할추억만드세요.","HanwhaResortsHaeundaeHAEUNDAEoffersapanoramicviewofBusan'swonderfultransformation.HANWHARESORTS/HAEUNDAEisbecomingthelandmarkofBusanduetoitsmagnificentviewoftheGwanganBridge.AspartofBusan'sextravaganttransformation,theresortwasrenovatedin2011intoasophisticatedandmodernresort.TheresorttookitsnamefromtheprovinceinItaly,wheretheRomanemperorstooktheirholidayssurroundedbygreatviewsofnature.Likewise,HANWHARESORTS/HAEUNDAEwasdesignedtoseethemagnificenceofBusanataglance.Thehotel-typeaccommodationswillprovideyouwithapleasantenvironment,andtheexquisitecuisineattheskyloungeisdelectablyunforgettable."
MICE전문시설,호텔/숙박,해운대센텀호텔,HAEUNDAECENTUMHOTEL,안계환,부산시해운대구센텀3로20,"20,Centum3-ro,Haeundae-gu,Busan",051-720-9000,www.ecentumhotel.com,영업팀,051-720-9907,"""다양한인프라가갖춰진도심속의안락한휴양지”부산의새로운혁신도시,산업과문화의도시센텀시티그중심에해운대센텀호텔이있습니다.지하철센텀시티역3번출구도보1분,부산전시컨벤션센터(BEXCO)와가장인접한호텔로세계최대규모의신세계백화점및롯데백화점,대형할인마트가도보5분이내거리에있습니다.또한부산국제영화제가열리는영화의전당을비롯부산시립미술관,수영만요트경기장,APEC나루공원등호텔주변에서쇼핑부터문화생활,레저체험과휴식까지생활의편리함과즐거움을모두누리실수있습니다.","“AComfortableVacationSpotinanUrbanCitywithVariousInfrastructure”AtthehubofCentumCityacenterofinnovation,industryandcultureinBusanisHaeundaeCentumHotel.ItisadjacenttoBEXCO(BusanExhibition&ConventionCenter)andaone-minutewalkingdistancefromCentumCitySubwayStation#3Exit.TheShinsegaeDepartmentStore,theLotteDepartmentStore,andvariouschainstoresareallwithinafive-minutewalkingdistance.TheCinemaCenter,wheretheBusanInternationalFilmFestival(BIFF)isheldeveryyear,theBusanMuseumofArt,theSuyeongBayYachtingCenter,andtheAPECNaruPark,etc,areallwithinaneasyreachfromtheHotel.Youcanrelishtheconvenienceandenjoymentofshopping,culturallife,leisureactivities,andrelaxationinandaroundthehotel."
MICE전문시설,호텔/숙박,호텔아쿠아펠리스,HotelAquaPalace,박재옥,부산시수영구광안해변로225,"225,KwanganhaebyunroSuyounggu,Busan",051-790-2300,www.aquapalace.co.kr,예약부서,051-790-2300,"대지면적은2,991.74㎡,연면적은1만8512.4㎡이며,지하2층·지상21층건물로이루어져있다.객실은총110개실이마련되어있다[10층~20층].해변을바라볼수있는국내최초의비치워터파크인워터맥스[7층~9층]는100m의바디슬라이더와인공파도풀,다양한형태와기능을가진수치료바데풀및25m수영장을갖추고있으며,천연해수온천인블랑루즈[5층~6층]가호텔내에있다.또한가족모임및각종세미나등을할수있는다양한규모의연회장과웨딩홀이있으며,로비라운지[1층],일식당[2층],스카이라운지[19층]를비롯하여카페,피트니스클럽,전망대등이부대시설로갖춰져있다.","otelAquapalaceis100mawayfromGwanganbeach,whichboaststhebeautyofBusan.Ithas110roomsandnotonlyoceanviewroomsthatcapturethebeautyofDiamondBridge,butalsoIthasa38℃naturalhotspringrisingfrom816mundergroundandoperates24hoursadayinOceanViewsauna,JjimjilbangandKorea'sfirstindoorwaterpark.ThefusionJapaneserestaurantSeaGreenwhereyoucanenjoydinnerwiththeoceanviewofDiamondBridge.TheInfinityPoolwhereyoucanseetheGwangalliOceanView&DiamondBridge,YoucanenjoySkyObservatory&Skywalk.Therearespecialandbeautifuloceanviewweddinghalls,large-scalebanquethallsandmideumorsmallbanquethallssuitableforvariousseminars(businesses,eventmeetings,firstbirthdayparty,sixtiethbirthdayparty,etc.)."
MICE전문시설,호텔/숙박,아난티앳부산코브,ANANTIATBUSANCOVE,이만규,"부산시기장군기장읍기장해안로268-32,힐튼부산","268-32,Gijanghaean-ro,Gijang-eup,Gijang-gun,Busan",051-509-1712,https://ananti.kr/ko/busan,Sales,051-509-1712,"아난티힐튼부산은끝없이펼쳐진바다와하늘이맞닿은풍경,천혜의자연을그대로간직한부산의숨겨진장소기장,‘도심속에서만나는완벽한휴식처(UrbanDestinationRetreat)’라는힐튼고유의차별화된가치와컨셉으로레저,미팅,비즈니스,웨딩등이모두가능한‘복합공간’,지금까지부산에서경험할수없었던이국적이고색다른휴식을누릴수있다.","TheAnantiHiltonBusan,wherethepanoramicoceanmeetsthesky,isnestledinthebeautifulnaturalsceneryofGijang.Withouruniquevalueconceptofan‘UrbanDestinationRetreat’,theAnantiHiltonBusanhassetanewstandardfordestinationhotelsinKoreathatoffersanexoticexperienceofleisure,business,andspecialoccasionssuchasweddings."
MICE전문시설,호텔/숙박,신라스테이해운대,ShillaStayHaeundae,박상오,부산광역시해운대구해운대로570번길46,"46,Haeundae-ro570beon-gil,haeundae-gu,Busan",051-912-9000,https://www.shillastay.com/haeundae/index.do,세일즈,051-911-9390,"신라스테이는호텔신라가선보이는비즈니스호텔로,호텔신라의가치위에고객이원하는서비스와상품만을엄선하여제공합니다.“SmarterStay”는ShillaStay브랜드전반에배어있는운영방식(철학)이자하드웨어및소프트웨어적으로ShillaStay만의차별화된BrandLanguage입니다.고객의입장에서SmarterStay의핵심적의미는,“여행중진정필요한시설및서비스에집중하여‘경제적이익’이라는고객Benefit을제공하는것입니다”.신라스테이와함께하여성공적인비즈니스와안락함을누리시길바랍니다.","HotelShilla’sbrand,ShillaStayaddsafreshsensibilitytotheexquisitevalueoftheShilla.“SmarterStay”Itistheoperatingmethod(philosophy)thatpermeatestheShillaStaybrandasawholeandthedifferentiatedBrandLanguageofShillaStayinhardwareandsoftware.Fromthecustomer'spointofview,thecoremeaningofSmarterStayis,“Itistoprovidecustomerbenefitcalled'economicbenefit'byfocusingontrulynecessaryfacilitiesandservicesduringtravel”.EnjoysuccessfulbusinessandcomfortwithShillaStay."
MICE전문시설,호텔/숙박,크라운하버호텔부산,CrownHarborHotelBusan,양영주,부산시중구중앙대로114,"114,Jungang-daero,Jung-gu,Busan,RepublicofKorea",051-678-1000,www.crownharborhotel.com,세일즈마케팅,051-678-1116,"부산원도심최대규모프리미엄호텔크라운하버호텔부산은북항재개발,원도심재생사업으로각광받고있는부산중구중앙동에위치하고있습니다.지하4층,지상27층,500개의객실,8가지의다양한객실타입으로구성되어있는비즈니스호텔입니다.크라운하버호텔부산은부산역,여객터미널,김해공항과인접하여국내외에서의접근이매우용이하며,다양한주변환경으로관광,쇼핑,문화,역사등부산의모든것을경험할수있습니다.해운대,광안리와같은동남권관광단지는'브릿지오브브릿지BridgeofBridge'부산의대표적인다리를통해환상적인오션라인을보며보다더가깝게만날수있으며,아시아최대장학재단관정이종환교육재단에서출자한호텔로설립자의뜻에따라수익금전액은장학사업의재원으로사용되어단순호텔사업을넘어사회적으로공헌하는진정한노블레스오블리주를실현하고자합니다.","TheCrownHarborHotelBusan,thelargestpremiumhotelinBusan'soriginalcitycenter,islocatedinJungang-dong,Jung-gu,Busan,whichhasrecentlybeeninthespotlightforitsredevelopmentoftheNorthPortandregenerationoftheoriginalcitycenter.Our27-storybuilding,withfourfloorsunderground,features500guestroomsandeighttypesofguestroooms.ThehotelisclosetoBusanStationandthePassengerTerminal(ferry),andisminutesawayfromGimhaeInternationalAirport,therebyofferingthebesttransportationaccessbothlocallyandfortravelsabroad.Thewidevarietyoflocalenvironmentsensuresafirst-handexperienceofBusan,includingtourism,shopping,culture,andhistory.ThesoutheasterntourismregionencompassesfamoussightseeingspotssuchasGwangalliandHaeundaebeaches,wherevisitorscanenjoyacloseviewofthediamondbridge,aswellasafantasticcoastline.SincethehotelisasubsidiaryofKwanjeongEducationalFoundation,thelargestscholarshipfoundationinAsia,allproceedsareusedtofundscholarshipsinaccordancewiththewillofourfounder,andthushelpsrealizeareal'noblesseoblige'tocontributetosocietybeyondjustabeingahotelbusiness."
MICE전문시설,컨벤션센터,BPEX부산항국제전시컨벤션센터,BusanPortInternationalExhibition&ConventionCenter(BusanPortFacilityManagementCenter),박현욱,"부산광역시동구충장대로206,부산항국제여객터미널5층","5F,206,Chungjang-daero,Dong-gu,Busan,RepublicofKorea",051-400-1280,www.bpex.co.kr,BPEX운영팀,051-400-1225,"2016년3월에개관한부산항국제전시컨벤션센터(BPEX)는해운항만분야에특화된부산원도심유일의전문컨벤션센터로해양수도부산의경쟁력강화및지역경제활성화에기여하고자설립되었습니다.BPEX는부산항국제여객터미널5층에위치하여아름다운북항바다를한눈에조망할수있는것은물론부산역과도보10분으로뛰어난교통망을보유한것이장점입니다.총면적은11,007㎡로컨퍼런스홀,이벤트홀,중·소규모의회의실등국제회의가가능한시설이완비되어있으며,다양한행사에적합하여개관이후다수의국제회의,학술대회,박람회,정부부처및기업행사등을성공적으로개최하고있습니다.또한BPEX는부산지역내다양한숙박관광시설과의업무제휴를통해ALLINONEMICE서비스를제공합니다.","TheBusanPortInternationalExhibitionandConventionCenter(BPEX),whichopenedinMarch2016,istheoneandonlyspecializedconventioncenterintheoriginaldowntownofBusan,withafocusonthemarineportarea.ItwasestablishedtoenhancethecompetitivenessofBusan,theglobalmaritimehubcity,andcontributetotherevitalizationofthelocaleconomy.BPEXislocatedonthe5thfloorofBusanPortInternationalPassengerTerminalandboastsamagnificentviewofBusanNorthPortaswellasconvenienttransportationaccess,beingjusta10-minutewalkfromtheBusanTrainStation.Thecenterspansanareaof11,007㎡,featuringconferencehalls,eventhalls,meetingroomsofvarioussizesequippedtohostinternationalevents,andasaresult,BPEXhassuccessfullyhostednumerousinternationalconferences,academicconferences,exhibitions,governmentbodies,andcorporateeventssinceitsopening.Inaddition,itprovidesALL-IN-ONEMICEservicesthroughbusinesspartnershipswithvariousaccommodationandtourismfacilitiesintheBusanarea."
MICE전문시설,유니크베뉴,목장원,MOKJANGWON,변기규,부산시영도구절영로355,"355,Jeoryeong-ro,Yeongdo-gu,Busan,RepublicofKorea",051-404-5000,www.mokjangwon.co.kr,영업,051-404-5000,"2015년12월새롭게오픈한목장원은외식시설(숯불구이,이탈리안키친,카페)과연회,웨딩이가능한복합시설로눈앞에펼쳐지는부산의아름다운바다와섬들을감상하며초록빛자연속에서연회행사를치를수있는공간입니다.","NewlyopenedinDecember2015,Mokjangwonisamulti-purposefacilitythatpossessesarangeofrestaurants(KoreanBBQ,ItalianKichen,Caf),andbanquetandweddingfacilities,whereabanqueteventcanbeundertakenwithinagreennaturalsettingwhileenjoyingthebeautifulseaandislandsofBusaninfrontofyou."
MICE전문시설,호텔/숙박,솔라리아니시테츠호텔부산,SOLARIANISHITETSUHOTELBUSAN,시미즈카오루,부산광역시부산진구서면로20,"20,Seomyeon-ro,Busanjin-gu,Busan",051-802-8586,solariabusan.com,운영부,051-801-9604,"부산의대표중심가서면에서즐기는도심속나만의프라이빗한휴식처!주위의소음과분리된나만의공간에서깨끗하고쾌적한여행을즐길수있습니다.서면역7번출구에서약도보7분거리에호텔이위치해있으며,서면메디컬스트리트와인접하여,병·의원이용시편리하며,서면은부산교통의요충지로부산전역어디든이동이용이합니다.고객님의성공적인호텔선택에도움이되도록최선을다하도록하겠습니다.","TheSolariaNishitetsuHotel,anaffiliateoftheWestJapanRailwayCompany,openedinBusan,Korea'ssecond-largestcity,onApril2017.ItislocatedinSeomyeon,therepresentativecenterofBusan,andoffersexcellentlocalamenitiesandconvenienttransportation.Ourhotel,whichprovidesexcellentJapanesehotelservices,workstirelesslytoensureyouhaveacomfortablerestatreasonableprices."
MICE전문시설,유니크베뉴,팬스타라인닷컴,Panstarline.com,"김종태,곽인섭",부산중구해관로30,,051-1577-9996,https://www.panstarcruise.com/main/contents.html,여객팀,051-1577-9996,"부산의아름다운바다와밤하늘을멋지게수놓는환상의불꽃쇼를크루즈로즐길수있습니다.안락한객실과편안한부대시설,화려한무대에서펼쳐지는공연과다양한참여이벤트를경험할수있으며,크루즈뷔페식사와웰컴드링크제공,각종회의및행사진행용무대와음향시설을완비하여홈커밍데이,정기총회,야유회,단합회등행사에안성맞춤입니다.","YoucanenjoythebeautifuloceanofBusan,oneofthebestcoastalcitiesinKorea,aswellasfantasticfireworksembroideringthenightskyonboardthecruiseship.Youcanexperiencecomfortablerooms,convenientfacilities,performanceshowsonsplendidstagesandvariousparticipatingevents.Equippedwithdinnerandbreakfastcruisebuffetmeals,welcomedrinks,andstagesandsoundequipmentforvariousmeetingsandevents,thecruiseisaperfectfitforeventssuchashomecomingdays,generalassemblies,outings,andpicnics."
MICE전문시설,유니크베뉴,국립부산과학관,BusanNationalScienceMuseum,김영환,부산광역시기장군기장읍동부산관광6로59,"BusanNationalScienceMuseum,59,DongbusanGwangwang6-ro,Gijang-eup,Gijang-gun,Busan,Korea",051-750-2300,www.sciport.or.krhttps://blog.naver.com/sciport2016,홍보협력실,051-750-2321,"과학관건립을열망하는부산시민114만명의서명으로유치된국립부산과학관은부산,울산,경남지역의주력산업인자동차,항공우주,선박,에너지,방사선의학을주요전시테마로하는동남권전략산업중심의과학기술체험관입니다.240여개의다양한전시물가운데약91%가체험전시물로구성되어있으며,상설전시관과함께어린이과학관,천체관측소,천체투영관,새싹누리관,김진재홀(기획전시실)등을두루갖추고있어많은사람들이과학기술을쉽고재미있게보고즐길수있도록하고있습니다.","Spawnedthroughthesigningof114,000Busancitizenswhowerekeentobuildasciencemuseum,theBusanNationalScienceMuseumisascienceandtechnologyexperiencehallthatisacenterofsoutheasternstrategicindustriesthatfocusonthemainindustriesofBusan,UlsanandGyeongnam,whichconsistofindustriesinvolvingautomobiles,aerospace,shipbuilding,energyandradiationmedicine.91%ofthe240exhibitsaremadeofexperientialexhibits.Themuseumhasapermanentexhibitionhall,children'ssciencehall,astronomicalobservatory,planetariumandKimJinJaeHall(SpecialExhibitionHall).Manypeoplecaneasilyenjoyandexperiencescienceandtechnologyhere.Inadditiontoitsownexhibitionandeducation,thereisalsoameetingroomforseminarsandforums,aconferencehall.Diversedomesticandinternationaleventsareregularlyheldsuchaslecturesfrominvitedexperts,includingtheAmericanEmbassy,NASApromotionalambassadors,andjointworkshopshostedbytheMinistryofScience,ICTandFuturePlanning,andstart-upcamps.Weacceptrentalrequestsforeventsthatmayadvanceorraiseawarenessofscienceandtechnology,especiallyintheformoftraining,academicactivities,andexhibitionsthatfocusonscienceandtechnology.Inaddition,spacerentalislimitedtonationaleventsoreventsthatcanfosterthehealthydevelopmentofyoungadults.Pleaseseethewebsiteorinquirewiththeappropriatepersonformoreinformationonspacerental."
MICE전문시설,호텔/숙박,아바니센트럴부산호텔,AVANICENTRALBUSANHOTEL,김경록,부산광역시남구전포대로133,"133,Jeonpo-daero,Nam-gu,Busan",051-791-5800,https://www.avanihotels.com/ko/central-busan,세일즈,051-791-5960,"금융도시부산의중심지이자영남권경제의심장부인문현금융단지에위치하고있는아바니센트럴부산은80여개의스위트룸을포함해총281개의객실을제공하며다양한크기의연회장4곳이준비되어있습니다.아바니의시그니처컬러인퍼플과현대적인감각의인테리어로꾸며진객실창문너머로보이는시가지의주야간풍경을통해부산의과거,현재그리고미래를고객님께자신있게선사합니다.","TheAvaniCentralBusanHotelislocatedinthefinancialareaofMunhyuninthecentreofBusan.Ourhoteloffersatotalof281rooms,including80suites,andfourbanquethallsofvarioussizes.ThemoderninteriorandcityviewofferaclearperspectiveofBusan'spast,present,andfuture."
MICE전문시설,유니크베뉴,뮤지엄원,museum1,윤상훈,부산광역시해운대구센텀서로20,"20,Centumseo-ro,Haeundae-gu,Busan",051-731-3302,http://museum1.co.kr,마케팅팀,070-4256-8433,"MUSEUM1은부산해운대구센텀시티에위치한약700여평규모의LED몰입형미디어미술관입니다.시각적화려함만을추구하는기존의미디어전시관과는달리명확한주제의식으로기획된전시를동시대를대표하는현대미술가와함께하고있습니다.미디어작품은물론,설치,회화,조각,도예,사진등현대미술의모든장르를선보이고있습니다.","MUSEUM1situatedatCentumCity,Haeundae,BusanisanimmersiveLEDmediaartmuseumwitharound700squarefeetofspace.Unliketheexistingmediaartexhibitionsthatpursueonlyvisualsplendour,ourexhibitionisplannedwithaclearthemeandissupportedbycontemporaryartistsrepresentingthecurrentperiod.Weoffernotonlymediaartbutalsoallgenresofcontemporaryart,includinginstallations,paintings,sculptures,ceramics,andphotography."
MICE전문시설,호텔/숙박,플레아드블랑호텔,PLEADEBLANC,김영애,해운대구해운대해변로298번길29,"29,Haeundaehaebyeon-ro298beon-gil,Haeundae-gu,Busan",051-742-2277,www.pleadeblanc.co.kr,판촉,051-742-3118,"“해운대,하늘과바다가만나는곳”호텔플레아드블랑은영어pleasure(기쁨),불어blanc(흰색)의합성어로친절,가격,청결함을지향하는해운대신생레지던스호텔입니다.해운대해변로에위치한바닷가1분거리인호텔플레아드블랑은고객여러분의즐거운여행을위하여언제나최선을다하겠습니다.","LocatedaminuteawayfromtherenownedHaeundaebeach,HotelPleadeBlancpursueshospitality,value,andprivacyasitsmainbusinessprinciples.BycombiningtheEnglishwordfor“pleasure”andtheFrenchwordfor“white,”weprovideboththejovialityofabeachvacationandthecleanlinessofmodernfacilities.Westrivetodoeverythingwecantoensureapleasantstay."
MICE전문시설,호텔/숙박,라발스호텔,LavalseHotel,김태완,부산시영도구봉래나루로82,"82,Bongnaenaru-ro,Yeongdo-gu,Busan,RepublicofKorea",051-790-1500,https://www.lavalsehotel.co.kr/,세일즈,051-790-1560,"왈츠를예찬하기위해만들어진다른형식의새로운왈츠‘라발스’처럼,호텔라발스는파격의철학으로시작된‘다름’의미학으로단순한호텔이아닌도시를품어내는호텔로탄생했습니다.부산대교,영도대교,남항대교뿐만아니라부산항대교까지모두품은라발스호텔은부산어디서든빠르게닿을수있는최적의위치는물론부산의야경을한눈에담을수있는최상의뷰를자랑합니다.","Likeothertypesofnewwaltz,‘LaValse’wascreatedtoglorifythewaltz.'LaValseHotel'startedwitharadicalphilosophy:toembracethecityratherthanjusthavingtheaestheticsofbeing‘different’.'LaValseHotel',whichwasinspiredbyBusanBridge,YeongdoBridge,NamhangBridge,aswellasBusanHarborBridge,boastsanoptimallocationforquickaccesstoanywhereinBusan,aswellasthebestviewfromwhichtocapturethenightviewofBusan."
MICE전문시설,호텔/숙박,라마다앙코르바이윈덤부산역호텔,Ramadaencorebusanstationhotel,이훈,부산광역시동구중앙대로196번길10,"10on196Jungang-daero,Dong-gu,Busan,48821KOREA",051-922-0000,Http://www.ramadaencorebusanstation.com,세일즈(마이스담당),051-922-0022,"‘라마다앙코르부산역호텔’은부산의낮과밤,관광과문화,길거리에서먹거리를모두즐기는데최적의위치에있습니다.KTX,SRT,ITX새마을호등이정차하는부산의관문,부산역에서도보로단1분거리에있어,관광및비지니스에가장적합합니다.또한부산지하철1호선부산역에서도보3분,부산항국제여객터미널과도보로10분,김해공항과는차량으로30분거리에위치하여국내외에서의접근이매우용이합니다.아울러호텔이위치한초량동인근은근대개항시부산의성장동력이었던물류,창고업의중심지였던곳으로아직도근대의흔적들이많이남아있으며,이들중정란각,백제병원,까페초량등은근대초기부산을대표하는가장특색있는건축물들로그야말로레트로한느낌을가득품고있습니다.또한초량이바구길,168계단등에서는원도심에살던이들의애환을고스란히체험할수있습니다.또한부산의차이나타운인상해거리,텍사스거리에는다양한국가의식도락문화를체험할수있는레스토랑들이즐비합니다.또한2023년이후들어설오페라하우스등북항재개발로들어설수많은시설들과의접근성이개선되어지역명소로발돋움할것으로기대하고있습니다.","RamadaencorebusanstationHotelisthebestplacetoenjoyallthefoodonthestreets,dayandnightinBusan.Locatedjustoneminute'swalkingdistancefromthegateofBusanwhereKTX,SRT,andITXSaemaeulTrainstop,itisidealfortourismandbusiness.Inaddition,itislocatedthreeminutes'walkfromBusanStationonBusanSubwayLine1,tenminutes'walkfromtheInternationalPassengerTerminalonBusanPort,and30minutes'drivefromGimhaeAirport,makingitveryeasytogetaccessfromhomeandabroad.Inaddition,asthesiteofthehotelwasthecenteroflogisticsandwarehousing,whichwasthedrivingforceofBusan'sgrowthduringtheopeningofthemodernera,therearestillmanytracesofmodernarchitecture,includingJeongRan-gak,BaekjeHospital,andCafeChoryang,amongthem,whicharethemostdistinctivestructuresofBusanintheearlymoderntimes.Inaddition,youcanexperiencethesorrowsofthepeoplewholivedintheheartofthecityatChoryangIbagu-giland168stairs.Inaddition,therearerestaurantsontheChinatownareaofBusan,ShanghaiStreet,andTexasStreetwhereyoucanexperiencethefoodandentertainmentcultureofvariouscountries.In2023,weexpectthatifwebuildawalkingdeckconnectingBusanStationtotheinternationalpassengerterminalatBusanPort,wewillbeabletoimproveaccesstonumerousfacilitiesthatwillbebuiltasaNorthHarborredevelopmentsite,suchastheOperaHouse."
MICE전문시설,유니크베뉴,씨라이프부산아쿠아리움멀린엔터테인먼트코리아주식회사,SEALIFEBusanaquarium,"장유진,앙라이펑수잔",부산시해운대구해운대해변로266,"266Haeundaehaebyeon-ro,Haeundae-gu,Busan",051-740-1700,https://www.visitsealife.com/busan/,마케팅&세일즈,051-740-1700,"SEALIFE부산은,해양수산부가지정한해양동물전문구조치료기관으로토종돌고래상괭이를비롯하여바다거북등멸종위기에처해있거나보호가필요한다양한해양생물들의번식구조치료활동에힘쓰고있습니다","SEALIFEBusan,asamarineanimalrescueandtreatmentinstitutiondesignatedbytheMinistryofOceansandFisheries,iscommittedtobreeding,rescuing,andtreatingvariousmarinecreaturesthatareendangeredorneedprotection,suchasnativedolphins,porpoisesandseaturtles."
MICE전문시설,유니크베뉴,국립해양박물관,KoreaNationalMaritimeMuseum,김종해,부산광역시영도구해양로301번길45,"45,Haeyang-ro301beon-gil,Yeongdo-gu,Busan49111,Korea",051-309-1901,https://www.knmm.or.kr/,대외협력,051-309-1781,"2012년개관이래매년100만명이상의시민이방문하고있는국립해양박물관은글로벌품격의‘해양문화공간’입니다.이제,국립해양박물관은‘양적성장’에서‘질적성숙’단계로의과감한전환으로도약을위한준비를마쳤습니다.5천년해양문화를바탕으로해양역사,해양과학,해양생물,해양산업등분야를총망라하면서,해양강국으로서의해운,항만,조선,해양생물,해양문명등을수렴해오고있습니다.동시에,21세기를리드하는세계적수준의해양종합박물관으로서의지위와위상을지켜가기위해,해양유물의발굴,보존,연구,전시,교육및국내외네트워킹역량을글로벌수준으로강화해나가고있습니다.‘문화국민’을위한최고의‘문화서비스’제공을통해해양문화를공유공감할수있는세계적수준의국립해양박물관으로거듭발돋움해나갈것입니다.","Sinceitsopeningin2012,morethan1millioncitizenshavevisitedtheKoreaNationalMaritimeMuseum,whichisregardedasa'maritimeculturalspace'ofglobalsignificance.Now,theKoreaNationalMaritimeMuseumisreadytomakeadramatictransitionfromthephaseof'quantitativegrowth'to'qualitativematurity.'Themuseumcoversthefieldsofmaritimehistory,maritimescience,marinelives,andmaritimeindustrybasedonthenation’s5,000yearsofmaritimeculture,andwecontinuetocollectrelicsandartifactsrelatedtoshipping,harbors,shipbuilding,marinelives,andmaritimecivilization.Atthesametime,inordertokeepourstatusandpositionasaworld-classcomprehensivemaritimemuseumleadingthe21stcentury,wearestrengtheningourcapabilitiesofdomesticandoverseasnetworking,education,exhibition,research,preservation,andexcavationofmaritimerelicstoagloballevel.TheKoreaNationalMaritimeMuseumwillcontinuetooperateasaworldclassfacilitythatsharesandempathizeswithmaritimeculturebyprovidingthebest'culturalservice'for‘cosmopolitanpeople'.AlloftheexecutivesandstaffmembersoftheKoreaNationalMaritimeMuseumtogether,asone,wouldliketoprovideyouwiththehappiestandmostpleasantmaritimeexperienceintheworld."
MICE전문시설,호텔/숙박,부산도시공사아르피나,BusanMetropolitanCorporationArpina,김용학,부산해운대구해운대해변로35(우동),"35,Haeundaehaebyeon-ro,Haeundae-gu,Busan,Korea",051-731-9800,www.arpina.co.kr,마케팅,051-740-3212,"해운대도심속컨벤션휴양시설지리적으로해운대,광안리,부산전시컨벤션센터(BEXCO),센텀시티의중앙에위치하고있어관광과해양문화그리고쇼핑은물론최적의비즈니스까지진행할수있는최고의공간으로자리매김하고있습니다.도심속의작은공간으로써그만족감을더하실수있습니다.","‘ConventionleisurevenuesinHaeundae’Geographicallyspeaking,theconventionvenuesaresituatedinthemiddleofBusanExhibition&ConventionCenter(BEXCO)inHaeundae,Gwangalli,andCentumCity,soitboaststheideallocationtohosttourismandmarineculturalevents,openupretailshopping,andrunabusiness.Customerscanenjoytheconventionvenuesandconvenienceofusingourfacilitiesinthedowntownarea."
MICE전문시설,호텔/숙박,㈜부산비즈니스호텔,BUSANBUSINESSHOTEL,윤경숙,부산광역시부산진구부전로67,67Bujeon-roBusanjin-guBusan,051-808-2000,busanbusinesshotel.com,마이스,051-808-2000,"합리적인가격,최적의위치,최고의서비스차별화된비즈니스호텔서면의중심에서누리는고품격프리미엄비즈니스호텔로비즈니스고객및일반광광객분들에게최고의선택이될것입니다","""REASONABLEPRICE,BESTLOCATION,BESTSERVICE”Westrivetobealeadingglobalhotel,alwaysofferingamazingandexcitingexperiencestoourcustomers.ThehotelislocatedinthebestspotinBusan,neartheSeomyeonsubwaystation.Itisthebestchoicefortravelersandcustomerscominghereforbusiness&leisuretrips."
MICE전문시설,호텔/숙박,아르반호텔부산,ARBANHOTELBUSAN,최옥동,부산시부산진구중앙대로691번길32,"32,Jungang-daero691beon-gil,Busanjin-gu,Busan",051-805-9901,www.arbanhotel.com@arbanhotel,세일즈마케팅,070-5172-6305,"아르반호텔부산교통의중심지인서면에위치해있어모든관광지로의접근이편리합니다.아르반호텔은항상고객의입장에귀기울여비즈니스고객과국내외여행객이모두만족할수있도록차별화된서비스와특급호텔수준의객실을합리적인가격으로제공하도록노력할것이며,부산여행에서가장아름다운기억으로남을만한호텔이되었으면좋겠습니다.","ArbanHotel,locatedinSeomyeon,thecenterofBusan,isconvenienttoaccessalltouristattractions.TheArbanHotelstaffalwayslistenstothecustomerandstrivestoprovidedifferentiatedservicesandluxuryroomsatreasonablepricestosatisfybothbusinesscustomersanddomesticandinternationaltravelers.WehopeyourstaywithuswillbethemostmemorableexperienceinBusan."
MICE전문시설,호텔/숙박,㈜부산롯데호텔,BusanLotteHotel,"홍성준,이승국","47285,부산광역시부산진구가야대로772","772,Gaya-daero,Busanjin-gu,Busan,Korea",051-810-1000,https://www.lottehotel.com/busan-hotel/ko.html,판촉담당,051-810-5220,"부산의중심에롯데호텔부산이있습니다.차량으로김해국제공항에서약20분부산역에서약15분거리에위치하여뛰어난접근성을자랑하는롯데호텔부산은여행의목적에따라자유롭게선택할수있는650개의객실을갖추고있습니다.모던하고현대적인감각의객실과한·중·일·뷔페로구성된4개의레스토랑,언제나신선한디저트와음료를즐길수있는베이커리와라운지그리고다양한규모의11개의연회장은국제행사와세미나에최적의장소입니다.탁트인바다와항구,낭만이있는도시부산에서성공적인여행과비즈니스를롯데호텔부산이당신께선사할것입니다.","LotteHotelBusanislocatedintheheartofBusanandboastsexcellentaccessibilityapproximately20minutesbycarfromGimhaeInternationalAirport.LotteHotelBusanhas650guestroomsdesignedinamodernstylethattravelerscanchoosefromaccordingtothepurposeoftravel.Ithasfourrestaurants(Korean,Chinese,Japanese,buffet),abakeryandloungethatprovidefreshly-madedessertsandbeverages,and11eventhallsofvaryingsizes,makingthehoteltheperfectplaceforhostinginternationaleventsandseminars.LotteHotelBusanoffersaccesstothewide-openseaandromanticportcityatmosphereandwillfulfillallofyourbusinessandtravelneeds."
MICE전문시설,호텔/숙박,㈜호텔농심,HOTELNONGSHIM,홍성웅,부산광역시금강공원로20번길23,"23,Geumganggongwon-ro20beon-gil,Dongnae-gu,Busan,RepublicofKorea",051-550-2100,www.hotelnongshim.com,세이즈마케팅,051-550-2413,"도심의오아시스아름다운금정산의신선한공기와대한민국최고를자랑하는동래온천의맑은온천수를벗삼아휴식을취할수있는곳바로호텔농심입니다.전통과역사의또다른이름한강이남최초의현대적숙박시설인'동래관광호텔'이문을열면서호텔농심의역사는시작되었습니다.이후지금까지50여년동안편안하고친근한서비스로유수한국내ㆍ외고객들로부터깊은신뢰와사랑을받아왔으며,2002년8월에는'동래관광호텔'에서'호텔농심'으로사명을변경하고240실규모의특급호텔로신축오픈함으로써현재의규모와위상을갖추게되었습니다.호텔곳곳에스며있는역사와이야기,모던한동시에한국적인아름다움과멋을간직한것은호텔농심의특별한매력중하나입니다.","HotelNongshimrepresentsBusan’spast,presentandfuture.ThehistoryofHotelNongshimbeganwiththeestablishmentoftheDongnaeTouristHotel,thefirstmordernfacilityforovernightlodgingsouthofSeoul'sHanRiver.Permeatedthroughoutbyagrandhistoryandathousandstories,HotelNongshim'sspecialcharmcanbefeltinitsharmonyofmodernstyleandtraditionalKoreanaesthetics."
MICE전문시설,유니크베뉴,청사포라벨라치타,LaBellaCitta,이혜경,부산광역시해운대구청사포로58번길38,"busancityhaeundaegucheongsapo58,30",051-747-6170,www.instagram.com/labellacitta202,마이스,051-747-6170,"청사포입구에상당히흥미진진한복합문화공간이있습니다.내부인테리어는물론외양도심상치않으며,자연을그대로살려포근함과아늑함을지니고있다.자체갤러리와'광안리라벨라치타',레스토랑을운영하고현재는새롭게리뉴얼작업을하고있습니다.벽에걸린그림,음식을담아내놓는그릇까지모두유명작가의작품이다.어떤그릇에음식을낼지도신중하게선정합니다.각종기업,관공서,개인행사등도다채롭게유치하여많은고객들에게호평이나있습니다.","AttheentranceofCheongsapo,thereisaveryinterestingculturalcomplexspace.Theuniqueinteriorandexteriorprovidesawarmandcozyfeelingofbeinginnature.Besidesourrestaurant,'LaBellaCittaGwangalli',wealsomanageourowngallery.Wearecurrentlyundergoingrenovations,includingupdatingthepaintingsonthewallsandevenreplacingthebowlsforservingfoodwithworksoffamousartists.Variouscompanies,governmentoffices,andindividualeventsareheldhereandarewellreceivedbymanycustomers."
MICE전문시설,호텔/숙박,코모도호텔,CommodoreHotel,신성용,부산시중구중구로151,"151,Junggu-ro,Jung-gu,Busan,Korea",051-469-9101,www.commodore.co.kr,마케팅/세일즈팀,051-461-9724,"1979년7월7일에개관한코모도호텔부산은‘조선의왕궁’을주제로설계되었으며,한국의전통미와현대의고급스러움이조화를이룬특급호텔입니다.코모도(commodore)의뜻은해군제독을뜻하며왜구의침입이빈번했던시기에나라를지킨이순신장군을상징화했으며국제시장과자갈치시장으로유명한남포동상업지구,쇼핑가들에인접해있습니다.","OpenedonJuly7,1979,CommodoreHotelBusanwasdesignedwiththethemeof‘TheRoyalPalaceofJoseon’andisadeluxehotelthatharmonizesthetraditionalbeautyofKoreawithmodernluxury.CommodoremeansAdmiraloftheNavyandsymbolizesAdmiralYiSun-sin,whodefendedthecountryduringaperiodoffrequentJapaneseinvasions.AlsoCommodoreHotelisadjacenttoNampo-dongcommercialdistrictandshoppingdistrictsfamousforGukjeMarketandJagalchiMarket."
MICE전문시설,호텔/숙박,코오롱씨클라우드호텔,KOLONSeacloudHotel,장재혁,부산시해운대구해운대해변로287,"HaeundaeHaebyun-Ro287Haeundae-Gu,Busan",051-933-1257,www.seacloudhotel.com,세일즈마케팅,051-933-1000,"세계적관광휴양지인부산해운대해수욕장에위치해있는해운대씨클라우드호텔은지상30층의고층에서바라보는스팩타클한해운대바다와동백섬,광안대교,마린시티,달맞이고개를여러분에게따뜻한서비스와함께선사할것입니다.김해공항공항리무진버스로약50분의거리이며,부산역에서택시로약50분,지하철2호선해운대역에서도보로5분이내의거리에위치합니다.슈페리어룸,디럭스룸,Executive스위트룸,복층스위트룸등다양한룸형태를보유하고있으며,부산최초의레지던스호텔로모든객실내에취사시설및식기류가갖추어져있으며모든객실에무료Wi-Fi를제공하고있습니다.객실에서보이는해운대해수욕장의멋진장관은여러분의잊지못할추억을남기게해줄것입니다.파란해운대바다의아름다운모습과시원한파도소리를객실내에서느끼실수있습니다.또한여러분의편의를위해해운대해수욕장이바라보이는야외수영장&자쿠지탕(JaccuziTubs),체력단련실(Gym),4Ftheusrestaurant,PrivateRoom,GuestLaundryService,24-hourSecuritySystem,AmpleParkingspace등다채로운부대시설을호탤내에갖추고있습니다.1-3층까지는쇼핑아케이드로건물내에여러상점들과음식점,태국마사지샵,편의점등이입점해있습니다.","SeacloudHotel,locatedinfrontofHaeundaebeach,isaninternationaltouristattraction.Itisahigh-risebuildingwith30floors,withagorgeousviewofHaeundaebeach,DongbaekIsland,DiamondBridge,MarineCityandDalmajiHill.Thehotelisconveneientlylocatedonly50minutesbyairportlimousinebusfromGimHaeinternationalairport,50minutesbytaxifromBusantrainstation,ora5-minutewalkfromHaeundaesubwaystationline2.SeacloudHotelisthefirstresidencehotelinBusan.IthasavarietyofroomtypestomeetyourneedssuchasSuperiorandDeluxe,aswellasExecutive,DuplexandRoyalSuites.Allroomsareequippedwithkitchenutensils,dishware,andfreeWi-Fi.Foryourconvenience,wehavemanyusefulfacilities,suchasanoutdoorswimmingpool&jaccuzi,agym,4Ftheusrestaurant,aprivateroom,guestlaundryservices,a24-hoursecuritysystem,parkingspace,andsoon.Floors1-3hostashoppingarcadewithmanystores,includingThaimassage,conveniencestores,andrestaurants."
MICE전문시설,호텔/숙박,파라다이스호텔부산,PARADISEHOTELBUSAN,최종환,부산광역시해운대구해운대해변로296,"296,Haeundaehaebyeon-ro,Haeundae-gu,Busan,Korea",051-749-2121,www.busanparadisehotel.co.kr,마이스,051-749-2025,"부산특1급호텔중유일하게해운대바다를조망할수있는발코니를갖춘파라다이스호텔부산은해운대의랜드마크로인정받고있습니다.본관과신관을합쳐총523실의객실과다양한부대시설을구비하여럭셔리힐링엔터테인먼트로새로운경험의가치를제공합니다.또한2014년에신관을,2017년에는본관을각각레노베이션하는등항상고객을위한과감한시설투자를아끼지않고있으며,디자인경영을도입한서비스로앞선경쟁력을더해가고있습니다.","ParadiseHotelBusanistheonlyfive-starhotelinBusanwithabalconyfromwhichtoviewthemarvelousHaeundaebeachandsea.Itisalsorecognizedasalocallandmark,andprovidesanewexperienceofluxuryhealingentertainment.Withatotalof532roomsattheMainandAnnexbuildings,ParadiseHotelBusansparesnoexpenseindevelopingitsfacilitiesforourguests.ThehotelexecutedgrandscalerenovationsofitsAnnexbuildingin2014andhasbeenworkinginstagessince2017onthemainMainbuilding.Weareahighlycompetitivehotelwithservicesthatreflectnewlyadopteddesignmanagementapproaches."
MICE전문시설,호텔/숙박,파크하얏트부산,ParkHyattBusan,사이먼그라프,부산시해운대구마린시티1로51,"51,Marinecity-1ro,Haeundae-gu,Busan",051-990-1234,www.parkhyattbusan.com,세일즈,051-990-1358051-990-1364,"멋진바다와광안대교전경을자랑하는부산의랜드마크.파크하얏트브랜드만의럭셔리한품격과세련된스타일로소중한순간을더욱특별하게만들어드립니다.부산의MICE와레저중심지에위치한파크하얏트부산에서감각적이고전문적인고객맞춤서비스를경험해보세요.파크하얏트부산은69개의스위트객실을포함해총269개의객실을제공합니다.베이지톤의목재로꾸며진객실에서는전면유리창을통해해운대바다와광안대교의전망을감상할수있습니다.레인샤워와욕조가있는넓은욕실에는르라보제품이구비되어있으며,고급스러운분위기의스위트객실은분리된착석공간,다이닝공간을갖추고있습니다.","AtParkHyattBusan,guestsdiscoverthetraditionalvaluesofcourtesy,care,andcomfortwiththediscreet,residential,andsophisticatedstyleofParkHyatt™.Whetherguestsarevisitingthehotelforanimportantmeetingorarelaxingweekendaway,ParkHyattBusanoffersanarrayofservicesthataresuretomakestaysmemorable.ParkHyattBusanoffers269guestroomsand69suites,decoratedwithbeige-tonedwoodandoceanviewsthroughfloor-to-ceilingwindows.SpaciousbathroomsfeaturerainshowersandbathtubswithcustomLeLabo®products.Ourelegantsuitesfeatureseparatediningandsittingareas."
MICE전문시설,호텔/숙박,타워힐호텔,TowerHillHotel,최용태,부산중구백산길20,"20,Baeksan-gil,Jung-gu,Busan,RepublicofKorea",051-250-6100,http://www.towerhill.co.kr/https://www.instagram.com/towerhillhotel/https://pf.kakao.com/_hxaxoxab,프론트,051-250-6003,"HereWithUs부산최초의도심남포동2022년현재,남포동은국제시장,자갈치시장,용두산공원,부산타워,보수동책방골목,40계단등원도심의매력과더불어패션거리,롯데백화점광복점,BIFF광장등현대의트렌디함을동시에느낄수있는부산의대표관광명소로자리잡게되었습니다.타워힐호텔은편리한교통,안락한침구,친절한서비스로편안한쉼터를추구합니다.타워힐호텔은과거와현재와미래가공존하는남포동을사랑합니다타워힐호텔은남포동의공간을여러분과함께공유합니다.","‘HerewithUs’TheoriginaldowntownofBusan,NampodongNampodongisoneofthemostfamoustouristareasinBusanandisknownfortraditionalculturalplacessuchasGukjeMarket,JagalchiMarket,YongdusanPark,BusanTower,BosudongBookStreet,andthe40-stepStairway.PeoplecanalsoexperiencemodernandtrendylifestylesinNampodongatGwangbokroFashionStreet,LotteDepartmentStores,andBIFFSquare.TowerHillHoteloffersconvenienttransportation,comfortablebedding,andfriendlyservice.TowerHillHotellovesNampodongwherepast,presentandfutureallmeet.TowerHillHotelsharesNampodongwithyou."
MICE전문시설,호텔/숙박,아스티호텔부산,AstiHotelBusan,조진호,부산시동구중앙대로214번길7-8,"7-8,Jungang-daero214beon-gilDong-gu,Busan",051-409-8888,www.astihotel.co.kr,마이스,051-409-8807,아스티호텔부산은2018년에오픈한총360실규모의4성호텔입니다.원도심관광또는비즈니스를위해부산을방문하신고객님들을위한최적의장소와교통을자랑합니다.항구도시부산의낭만적인뷰를즐기실수있습니다.,"ASTIHotelBusanStationisabrandnew4-starratedhotelopenedinyearof2018.LocatedattheheartofBusan-city,1minuteawayfromBusanstationbyawalk,whereisthehuboftourandbusiness."
MICE전문시설,대학,영산대학교성심오디토리움,YoungsanUniversity,부구욱,부산시해운대구반송순환로142,"Busna,Haeundaegu,Bansongsunhwanro142",051-540-7000,www.ysu.ac.kr,전시컨벤션관광전공,051-540-7197,전시컨벤션관광특성화대학으로서전국최초로미팅테크놀리지화상회의실을구축하고있는등지산학일체형마이스엘리트양성의요람,"Thisinstitutionoffersatertiaryeducationthatfostersreal-worldskillstrainingrequiredbyworkingprofessionals,aswellashighereducationforthedevelopmentoftheeducationalidealsoftheRepublicofKorea"
MICE전문시설,호텔/숙박,시그니엘부산,SIGNIELBusan,김태홍,부산광역시해운대구달맞이길30,"30Dalmaji-gil,Haeundae-gu,Busan",051-922-1000,www.lottehotel.com/busan-signiel,판촉팀,051-922-1024,"시그니엘부산은해운대의랜드마크'엘시티(LCT)'타워에위치한260실규모의럭셔리호텔입니다.'시그니엘서울'에이은시그니엘의두번째호텔로부산해운대의환상적인오션뷰와광안대교를감상하며진정한여유를누릴수있는완벽한여정이준비되어있습니다.지하철중동역과해운대역에서쉬운접근성을자랑하며,인근에해운대로데오거리가위치하고있습니다.다이나믹한뷰를즐길수있는인피니티풀,럭셔리코스메틱브랜드'샹테카이'의스파,투숙객전용가든테라스등다채로운부대시설이시그니엘의품격과어우러져그동안부산에서볼수없었던새로운가치를전합니다.시그니엘은세계최상급외식문화를갖춘호텔입니다.차오란은화려하게번영하였던1920년대홍콩의분위기를반영한모던차이니즈레스토랑입니다.낮에는딤섬과차를,저녁에는칵테일을즐길수있는ModernChineseTapas&Bar차오란은런던미쉐린스타레스토랑셰프의다채로운요리를선보입니다.","SIGNIELBUSANisa260-roomluxuryhotellocatedintheLCTTower,alandmarkinHaeundae.AsthesecondhotelfromSIGNIELfollowingSIGNIELSEOUL,SIGNIELBUSANprovidestheperfectjourneytoenjoytruerelaxationwithfantasticoceanviewsofHaeundae,Busan.SIGNIELBUSANiseasilyaccessiblefromJung-dongandHaeundaesubwaystationsandclosetoHaeundaeRodeoStreet.Thehotelisfittedwithavarietyofnewfacilities,includinganInfinityPoolwithdynamicviews,aSpapresentedbytheluxurycosmeticsbrand“Chantecaille”,andtheguests-onlyActivityGarden,allcombinedwithSIGNIEL'ssignatureeleganceanddeliveredatanewlevelofvalueneverseenbeforeinBusan.SIGNIELprovidestheworld'sfinesthoteldiningexperience.AtSIGNIELBUSANyoucanexperienceamenucreatedinthelounge,atconferencesandweddings,oraspartofin-roomservices.ChaoranisaChineserestaurantthatreflectstheheritageofHongKonganditsflourishingeraofthe1920s.TheModernChineseTapas&BarChaoranoffersdimsumandteaduringthedayandcocktailsintheevening,aswellasavarietyofdishesbyaMichelin-starrestaurantchef."
MICE전문시설,호텔/숙박,페어필드바이메리어트부산송도비치,FairfieldbyMarriottBusanSongdoBeach,김창규대표,부산서구송도해변로113,"113,Songdohaebyeon-ro,Seo-gu,Busan",051-260-0000,Marriott.com/pusfb,SalesMarketing,051-260-0071,"완벽한바다전망과더불어편안한객실을자랑하는페어필드바이메리어트부산송도비치를경험해보세요.호텔은눈부신푸른바다와해안선을자랑하며대한민국최초의해수욕장인송도해수욕장에서도보1분이내거리에위치하고있습니다.숨막히는해안절경을따라펼쳐지는환상적인암남공원트래킹코스로여정을시작하고,여가시간에는쇼핑을즐겨보세요.부산최대규모의전통시장인국제시장과자갈치시장에서지역의모든볼거리와먹거리를즐기시고,부산현지의다양한추억과문화를담고살아가고있는감천문화마을과흰여울문화마을이가져다주는삶의여유로움도함께느껴보세요.","ExperienceFairfieldbyMarriottBusanSongdoBeachwithfulloceanview.OurhotelislocatedaminutewalkawayfromSongdoBeach.CompleteyourstaywithfreeWi-Fi,plushbeddingandmodern-designedbathroom,ourguestroomswillprovideyouwitharelaxingstayinSongdoBeach."
MICE전문시설,호텔/숙박,그랜드조선부산,GRANDJOSUNBUSAN,한채양,부산광역시해운대구해운대해변로292,"292,Haeundaehaebyunro,Haeundae-gu,Busan",051-922-5000,www.josunhotel.com,Sales&Marketing,051-922-5289,"조선호텔앤리조트가새롭게선보이는고전적인우아함과현대적인감각을더한그랜드조선부산.그특별한경험이시작됩니다.새로운5성급호텔,그랜드조선부산은330객실,4개의레스토랑및바를가지고있으며수영장,사우나등다양한휴식공간을제공합니다.절제된세련미의화이트톤인테리어속에드넓게펼쳐진바다가전하는신선한휴식과뷔페,중식당,라운지&바가전하는미식의즐거움까지모두만끽해보세요.","AspecialexperienceawaitsyouattheGrandJosunBusan,amasterworkofJosunHotels&Resortsthatembodiesclassicaleleganceandmoderndesign.TheGrandJosunBusan,abrandnew5-starhotel,offersawidearrayofoptionsforourgueststorelaxinacomplexfacilitywith330rooms,4exceptionalrestaurants&bars,asauna,andbothindoorandoutdoorpools.DiscoverthepleasureofgourmetdiningatourChineserestaurant,buffet,andlounge&barwhileyourelaxwiththebackdropofHaeundaeBeach."
MICE전문시설,유니크베뉴,부산엑스더스카이,BusanXTheSky,이동훈,"부산광역시해운대구달맞이길30,LCT랜드마크타워98-100F,부산엑스더스카이","BUSANXtheSKY,98-100FLCTLandmarkTower,30,Dalmaji-gil,Haeundae-gu,Busan,RepublicofKorea",051-731-0098,www.busanxthesky.com,영업마케팅,070-7730-3744,"‘BUSANXtheSKY’는국내두번째높이(411.6m)인‘해운대엘시티랜드마크타워’에위치하고있습니다.대한8경에빛나는드넓은해운대의오션뷰와부산의화려한시티뷰를함께전망할수있는국내최고·최대규모의전망대입니다.세계적으로유명한부산의랜드마크(광안대교,마린시티)외에도부산의낮과밤을전망할수있으며전망대내부의화려한미디어파사드,최고의서비스를제공하는라운지카페,심플하게즐기는캐쥬얼카페등최고의프리미엄서비스를지향합니다.발끝에펼쳐지는끝없는세상을부산엑스더스카이에서경험해보세요.","BUSANXtheSKYislocatedinthesecondhighestbuildinginKorea,HaeundaeLCTtheSharp(411.6m).Inthishighest,biggest-scaleobservatory,youcanviewthewide-spreadoceanofHaeundaeandthebeautifulcityofBusan.Ontopoftheworld-famouslandmarkofBusansuchastheGwangandaegyo(DiamondBridge)andMarineCity,youcanviewthedayandnightofBusanwhileyouenjoythepremiumservicesoftheinteriormediafacade,loungecafe,andcasualcafe.ExperiencethewholeworldbelowyourfeetatBUSANXtheSKY!"
MICE전문시설,호텔/숙박,해운대센트럴호텔,HAEUNDAECENTRALHOTEL,이종근,부산시해운대구해운대해변로298번길33,"33,Haeundaehaebyeon-ro298beon-gil,Haeundae-gu,Busan,RepublicofKorea",051-760-9000,www.centralhotel.kr,판촉관리,051-760-9000,"부산과 경남권 비즈니스와 사교의 장으로 손색이 없으며 각종 세미나와 워크샵, 국제행사 등 성공적인 비즈니스를 돕고 있는 해운대 센트럴 호텔은 행사의 다양한 목적에 적합한 최신 시설을 갖춘 연회장이 준비되어 있고 사계절 온천수 루프탑 수영장 호텔로 고객님의 마음을 충족시킬 수 있는 맞춤형 서비스를 제공합니다.",
MICE전문시설,유니크베뉴,피아크,P.ARK,류제학,부산광역시영도구해양로195번길180피아크,"180,Haeyang-ro195beon-gil,Yeongdo-gu,Busan,Korea",051-404-9200,www.p-ark.krSNS:https://www.instagram.com/p.ark_official/,예약부서,051-711-7041,"복합문화공간피아크는2021년5월10일오픈하여운영되고있습니다.항구도시특유의산업경관과부산항대교,오륙도등의오션뷰를가까이에서만나보실수있습니다.공간은지하1층부터지상6층까지총면적3,000평이상으로써차량400대이상이주차가능한편리한주차시설과1층브레드팩토리,2층더갤리4층카페엔베이커리,5층아이스크림등다양한F&B를즐길수있는매장이입점되어있으며2층야외가든(650평)에서는대규모페스티벌과행사가진행가능합니다.또한,2층실내전시장(높이6m,450평)에서는차량리프트를이용해편리하게차량전시,프로모션행사등이가능합니다.지하1층멀티룸(90평),지상3층라운지(90평)에서는워크숍,세미나,전시회등이가능한독립공간이마련되어있으며,6층실내와야외가든&루프탑(총600평)에서프라이빗한VIP행사,야외웨딩진행이가능합니다.부산항포럼,부산시청지적세미나를포함하여해양수산개발원,영도구청.부산축제조직위원회,오비맥주,아우디등많은기관/기업의행사를피아크에서진행하였습니다.","‘P.ARK’isacomplexculturalspace.ItwasopenedonMay10,2021andhasbeenoperatingsince.From'P.ARK'peoplecanseetheuniqueindustrialsceneryoftheportcityandtheoceanviewofBusanPortBridgeandOryukdoIslandupclose.Thespaceoccupiesatotalareaofmorethan3,000pyfromthe1stbasementfloortothe6thfloor,withconvenientparkingfacilitiesformorethan400cars,BreadFactoryonthe1stfloor,TheGalleyonthe2ndfloor,Cafe&Bakeryonthe4thfloor,andIceCreamonthe5thfloor.Inaddition,attheindoorexhibitionhallonthesecondfloor(6minheight,450py),youcanconvenientlydisplayvehiclesandpromoteeventsusingavehiclelift.Themulti-room(90py)onthefirstbasementfloorandthelounge(90py)onthethirdfloorabovegroundhaveindependentspacesforworkshops,seminars,exhibitions.Furthermore,privateevents,VIPeventsandoutdoorweddingispossibleonthe6thfloor(650py).Manyorganizational/corporateeventssuchasThe‘BusanPortForum’,‘BusanCityHall’&‘KoreaMaritimeInstitute’Seminar,Yeongdo-guOffice,‘BusanCulture&TourismFestivalOrganizingCommittee’,‘OBBeer’,and‘Audi’wereheldat‘P.ARK.’"
MICE전문시설,컨벤션센터,벡스코,BEXCO,손수득,부산광역시해운대구APEC로55,"55APEC-ro,Haeundae-gu,Busan",051-740-7300,www.bexco.co.kr,예약부서,051-740-7369,"지난2001년5월해운대라는대한민국최고의관광명소에서개관한벡스코는2005년APEC정상회담,2009년OECD세계포럼,2014년한-아세안특별정상회의,2019년국제당뇨병연맹총회등대형국제전시회와국제회의는물론중소규모회의와기업행사등이벤트에이르기까지다양한규모와성격의전시컨벤션행사를성공적으로개최하고있으며,이를기반으로‘아시아최고의전시·컨벤션허브’로자리매김해나가고있습니다.벡스코는단층무주전시장으로서3개의홀로분할가능한총26,508㎡의제1전시장과2012년5월완공한19,872㎡의제2전시장으로이루어져총실내전시면적이46,380㎡규모를갖추고있습니다.또한,최대5,340명을수용할수있는컨벤션홀을비롯하여52개의회의실(화상상담장및스튜디오),2012년완공한국내최대규모의오디토리움(4,002석)을활용하여총회,세미나,기업회의,공연등다양한유형의행사를성공적으로개최할수있는시설을완비하고있습니다.","BusanExhibition&ConventionCenter(BEXCO)hasstoodoutasKorea'spremiervenuesinceitfirstopenedintheheartofBusan'stourismdistrict,Haeundae,in2001.WewarmlywelcomeyoutoexplorethemanyavailableopportunitiesweofferforvariousMICEevents,includingexhibitionsandconferences,inourdynamiccity,Busan.BEXCOhassuccessfullyhostednumerousMegaWorldEvents,includingthe2005APECSummitMeeting,the2009OECDWorldForum,the2014ASEAN-ROKCommemorativeSummit,andthe2019IDFCongress,amongmanyothers.IthashelpeddrivethedevelopmentoftheMICEindustryaroundAsia.Withthisproventrackrecord,BEXCOhasbeenabletowintheconfidenceofmanyinternationalorganizations.Ourfacilitycomprises5mainbuildingblocks,includingtheAuditorium,ConventionHall,ExhibitionHalls1and2,andtheNurimaruAPECHouse.With46,380㎡ofexhibitionareaand52outstandingconferencehallsintotal(includingVTCroomsandastudio),wearereadytosupporteveryorganizer'sneeds."
MICE전문시설,대학,동의대학교,Dong-EuiUniversity,한수환,부산광역시부산진구엄광로176동의대학교,"176Eomgwangro,Busanjin-gu,Busan,614-714,Korea",051-890-1754,https://www.deu.ac.kr/,호텔·컨벤션경영학,051-890-2084,학생중심의교육체제를구축하여학생의장래를보장하는교육을실현합니다.동의대학교는한국제1의항구도시이자세계도시인부산의중심부에자리잡고있습니다.넓고쾌적한자연환경을자랑하는동의대학교는21세기의주역이될고급인재양성에총력을기울이고있는부산을대표하는명문사학입니다.,"Withthemottoofacollegewherestudentsaresatisfiedwetraintoleadthefutureofthe4thindustrialrevolution.Dong-euiUniversityisaprestigiousuniversitywiththephilosophyofestablishingDonguijicheon(onwhichournameisbased).TheChinesecharactersDongeuijichununderliesthisphilosophy,whichexpressesthefounder'swilltonurtureuprightintellectualsbyacquiringthefundamentalprinciplesoftheuniverse."
MICE전문시설,호텔/숙박,펠릭스바이에스티엑스호텔앤스위트,FelixbySTXHotel&Suite,송홍식,부산광역시해운대구해운대로620,"(48094)620,Haeundae-roHaeundae-gu,Busan,RepublicofKorea",051-969-5006,https://www.felixbystx.com/https://www.instagram.com/felixbystx_official/,마이스,051-969-5000,"부산해운대에위치한펠릭스바이에스티엑스는㈜STX의자회사STXSERVICE에서처음선보이는호텔브랜드입니다.실용적인공간구성이돋보이는스튜디오타입과침실거실이분리된스위트타입모두취사가능한주방을갖추고있으며,각종주방집기,테이블,업무용데스크,세탁기(스위트타입에한함)등다양한편의용품으로비즈니스및레저여행객모두에게편안한휴식을제공합니다.집보다안락한객실과차별화된서비스로편안함과특별함이공존하는색다른휴식을즐겨보세요.","LocatedinHaeundaespecialtouristzone,FelixbySTX,theveryfirsthotelbrandofSTXSERVICE,providestheultimatecombinationofbustlingcitylife,relaxedseasideliving,andculturaladventures.Whetheritistravelersonashorttriporexpatriatesonlong-termstay,FelixbySTXoffersguestsahomeawayfromhomefeaturingfully-equippedkitchenwhereyoucancook,workdesk,washingmachine,freeWiFi,etc."
MICE전문시설,호텔/숙박,그랩디오션송도호텔,GrabtheOceanSongdoHotel,김정란,부산광역시서구송도해변로97(암남동),"97,SongdoHaebyeon-ro,Seo-gu,Busan,RepublicofKorea",051-977-8888,https://busansongdo.com/,세일즈마케팅,051-920-2131,100년의역사와아름다운자연환경을품고있는우리나라첫번째해수욕장에들어선첫프리미엄호텔입니다.아름다운경관에부산송도호텔만의품격있는서비스를더하여고객들에게최고의휴식과추억을만들어드리겠습니다.부산송도호텔의시그니처인테라스오션뷰는바다를정면으로바라보고있어더욱시원한개방감을느끼실수있습니다.더불어호텔객실에서바라보는환상적인일출과일몰을감상하며여행의여유를즐겨보세요,"ItisthefirstpremiumhotelinKoreawith100yearsofhistoryandbeautifulnaturalenvironment.WewilladdBusanSongdoHotel’selegantservicetothebeautifulscenerytocreatethebestrestandmemoriesforourcustomers.Theterraceoceanview,thesignatureoftheBusanSongdoHotel,looksdirectlyatthesea,soyoucanfeelacoolersenseofopenness.Inaddition,enjoythefantasticsunriseandsunsetfromthehotelroomandenjoytherelaxationofyourtrip."
MICE전문시설,유니크베뉴,부산이스포츠경기장,BusanEsportsArena,김태열,"부산광역시부산진구중앙대로67215,16층(삼정타워)","672,Jungang-daero,Busanjin-gu,Busan,RepublicofKorea",051-805-5325,www.brena.or.kr,게임산업진흥단/E스포츠육성팀,051-805-5325,"부산이스포츠경기장은이스포츠대회를비롯하여공연,이벤트등남녀노소누구나찾아와즐길수있는문화융복합공간입니다.문화체육관광부와부산광역시가함께준비하여지방최초로구축한상설이스포츠경기장으로,부산정보산업진흥원에서운영하고있습니다.특히‘BRENA’만의대면형관람석과대형LED전광판,펍(PUB)형태의새로운관람공간및스위트박스프리미엄서비스가만들어내는특별한관람경험을제공합니다.","BusanE-SportsArena(BRENA)isaculturalconvergencespacethatanyoneofallagescanvisitandenjoy,includinge-sportscompetitions,performances,andevents.Itisthefirstpermanente-sportsarenainlocalgovernmentsbuiltbyMinistryofCulture,SportsandTourismandBusanMetropolitanCity,andoperatedbyBusanITIndustryPromotionAgency.Inparticular,itoffersaspecialviewingexperiencebytheuniqueface-to-facetypeaudienceseats,largeLEDdisplays,newviewingspacesintheformofapubandpremiumserviceinVIProom'suitebox'."
MICE전문시설,호텔/숙박,㈜라비드아틀란호텔,LavideAtlanHotelⅡ,조정호유미애,"부산광역시해운대구구남로37,라비드아틀란호텔Ⅱ","37,Gunam-ro,Haeundae-gu,Busan,RepublicofKorea",051-731-0700,www.lavideatlanhotel2.com,영업마케팅,051-731-0700,"라비드아틀란호텔Ⅱ은부산2호선해운대역에서도보5분,해운대시외버스터미널에서도보5분거리에위치해있으며,김해국제공항에서차로약1시간이소요됩니다.라비드아틀란호텔Ⅱ해운대해수욕장바로앞에위치하고있어객실에서바다뷰와해운대전경을감상하실수있습니다.또한,주변명소인부산아쿠아리움까지도보3분,동백섬,동백공원까지도보5분,더베이101까지는도보약10분거리에있습니다.라비드아틀란호텔Ⅱ는특별하고유연한고품격서비스와끊임없이새로운경험들로잊지못할즐거운여정을선사하겠습니다.바다가주는아름다운추억과라비드아틀란호텔Ⅱ가제공하는편안한서비스를누려보시기바랍니다.저희라비드아틀란호텔Ⅱ은고객님의안전을위하여매일방역에힘쓰고있습니다.","labideAtlanHotelⅡislocated5minuteswalkfromHaeundaeStationonBusanLine2and5minuteswalkfromHaeundaeIntercityBusTerminalIttakesaboutanhourbycarfromGimhaeInternationalAirport.ItislocatedrightinfrontofHaeundaeBeachinLavideAtlanHotelⅡ,soyoucanenjoytheseaviewandHaeundaeviewfromyourroom."
MICE전문시설,호텔/숙박,부산시티호텔,BusanCityHotel,노상우,부산광역시연제구신촌로19(연산동),"19,Shinchon-ro,Yeonje-gu,Busan47542,RepublicofKorea",051-851-1122,www.busancityhotel.com,영업마케팅,051-851-1109,"부산시티호텔은부산의행정중심인부산시청옆위치하고있습니다.현대적이고안락한122개의객실과효율적인부대시설로고객님의편안한머뭄을제공합니다.창의적인요리로최고의셰프가제공하는다이닝,매일먹음직스러운향기가나는베이커리카페를만나보세요.바쁜일상에서잠깐의휴식,완벽한여정을위한편안한시설,부산시티호텔과함께경험해보시길바랍니다.","BusanCityHotelislocatednexttoBusanCityHall,theadministrativecenterofBusan.Modernandcomfortable122roomsandefficientauxiliaryfacilitiesprovideyourcomfortablestay.Enjoydiningpreparedbythebestchefswithcreativecuisine,andabakerycafethatsmellsdeliciouseveryday.Ihopeyoucantakeashortbreakfromyourbusylife,comfortablefacilitiesforaperfectjourney,andexperienceitwithBusanCityHotel."
MICE전문시설,유니크베뉴,㈜요트탈래,Yachttale,김건우,부산광역시해운대구해운대해변로854-01에이우동수영만요트경기장본관102호,"854-01,HaeundaeBeach-ro,Haeundae-gu,Busan",051-711-1789,https://www.yachttale.com/,마케팅,051-711-1789,"주식회사요트탈래는부산서비스강소기업,부산스타기업,부산공유경제기업등해양레저상품을개발하고운영하는선도기업입니다.부산요트투어,요트스테이,해운대리버크루즈등다양한요트서비스상품개발및보딩리스트(선박예약결제플랫폼)등다양한상품을개발및운영하고있습니다","YachttaleCo.,Ltd.isaleadingcompanyindevelopingandoperatingmarineleisureproductssuchasBusanservicesmallandmedium-sizedcompanies,Busanstarcompanies,andBusansharingeconomycompanies.WearedevelopingandoperatingvariousyachtserviceproductssuchasBusanYachtTour,YachtStay,HaeundaeRiverCruise,andvariousproductssuchasboardinglists(shipreservationpaymentplatform)."
MICE전문시설,호텔/숙박,윈덤그랜드부산,WyndhamGrandBusan,김태식,(49264)부산시서구등대로27,,051-993-3000,www.wyndhamgrandbusan.com,세일즈팀,051-993-6831,전세계최다호텔을보유하고있는윈덤호텔&리조트그룹의플래그쉽브랜드인윈덤그랜드호텔이대한민국최초의해수욕장인부산송도해수욕장에윈덤그랜드이진부산이라는이름으로2023년하반기에오픈합니다.눈부신오션뷰와함께부산의전경을한눈에감상할수있는271실의객실을보유한윈덤그랜드이진부산은다양한레스토랑과최고의회의시설을함께제공함으로써레저고객뿐만아니라비즈니스및연회고객에게도완벽한경험을선사하는부산의새로운명소가될것입니다.,"WyndhamGrandHotel,theflagshipbrandoftheWyndhamHotels&ResortsGroup,whichhasthelargestnumberofhotelsworldwide,willopeninthesecondhalfof2023underthenameofWyndhamGrandIjinBusanatSongdoBeach,Busan,thefirstbeachinKorea."
MICE전문시설,호텔/숙박,페어필드바이메리어트부산,FairfieldbyMarriottBusan,신재영,(48099)부산해운대구해운대해변로314,"(48099)314,Haeundaehaebyun-rohaeundae-guBusanKorea",051-749-7777,www.marriott.co.kr/pusfi,세일즈,051-749-7992,"부산의첫비즈니스급메리어트체인호텔인페어빌드바이메리어트부산은비즈니스또는레저여행,그목적이무엇이든지오늘날여행객들의급변하는라이프스타일트렌드에맞춰합리적인가격과실용적인객실로고객만족감을높였습니다.해운대해수욕장과도보로5분거리에위치해있으며,해운대역과도보10분이내부산역에서는차량으로30분,김해국제공항에서는차량으로40분거리에위치하고있어여행객들에게편리한위치를자랑합니다.아울러여행객들은호텔을이용후에메리어트본보이프로그램을통해포인트를적립할수있습니다.","FairfieldbyMarriottBusan,thesecondFairfieldtoopeninSouthKoreaandthelatestadditiontothemorethan950FairfieldbyMarriottpropertiesworldwide,isdesignedfortoday'stravelerwhoislookingtobeproductiveontheroad,whetherforbusinessorleisure.ItislocatedintheheartofHaeundae,apopularbeachresortdestinationwithaboarwalkinoneofSouthKorea'smostsceniccoastalregionsand7minuteswalkfromHaeundaesubwaystationandisaneasy40-minutedrivefromBusan'sGimhaeinternationalairport.Thecompanyalsooperalesaward-winningloyaltyprograms:MarriottBonvoy"
MICE전문시설,호텔/숙박,해운대블루스토리호텔,HaeundaeBluestoryhotel,박홍기,(48093)부산해운대구해운대해변로237번길11해운대블루스토리호텔,"(48093)11,Haeundaehaebyeon-ro237beon-gil,Haeundae-gu,Busan,KOREA",051-731-9900,http://www.bluestoryhotel.com/,마케팅,051-731-9929,"해운대해수욕장바로앞에위치한해운대블루스토리호텔은해운대의해변과도시를찾는모든고객에게가장편안한여행의경험을선사합니다.해운대역(부산2호선)까지도보5분으로뛰어난접근성과편리한교통환경을갖추고있습니다.또한부산의맛을느낄수있는다양한먹거리도쉽게찾을수있고,호텔에서10분거리에위치한벡스코는대중교통으로도이동할수있어비즈니스로해운대를방문하시는고객에게교통의편의까지더하여최고의입지를자랑합니다.또한스탠다드룸뿐만아니라가족단위고객을위한복층룸,테라스룸등다양한객실을보유하고있으며,객실내에는개별난방시스템,데스크,미니냉장고,TV등의편의시설이잘갖추어져있습니다.이모든서비스와시설을합리적인가격으로이용할수있는블루스토리호텔에서특별한추억만드시길바라며,최선을다해고객을모실것을약속드립니다.","LocatedrightinfrontofHaeundaeBeach,HaeundaeBlueStoryHotelprovidesthemostcomfortabletravelexperienceforallcustomersvisitingHaeundaebeachesandcities.Itisa5-minutewalktoHaeundaeStation(BusanLine2),withexcellentaccessibilityandconvenienttransportationenvironmentInaddition,itiseasytofindawiderangeoffoodtotasteBusan,andBEXCO,located10minutesawayfromthehotel,isaccessiblebypublictransportation,soitboaststhebestlocationforcustomersvisitingHaeundaeforbusiness.Inadditiontostandardrooms,therearealsovariousroomssuchasduplexroomsandterraceroomsforfamilycustomers.Thereareplentyofamenitiesintheroom,includingindividualheatingsystems,desks,minirefrigerators,andTVs.WehopeyoumakespecialmemoriesattheBlueStoryHotel,wherealloftheseservicesandfacilitiesareavailableatreasonableprices,andwepromisetodoourbesttoserveyou."
MICE전문시설,호텔/숙박,엘시티매니지먼트,LCTMANAGEMENT,황동규,"부산광역시해운대구달맞이길30,엘시티포디움동2066호","LCTResidenceRoom7107,Dalmaji-gil,Haeundae-gu,Busan",051-746-1077,https://lctmanagement.co.kr/rooms.htmlnum=05,마케팅,051-746-1077,"최상의서비스제공으로성공적인비즈니스와더불어편안한휴식을선사하는엘시티레지던스입니다.우리는부산의랜드마크로서아름다운자연경관을해운대중심에서선보입니다.101층의높이,끝없이펼쳐진오션과해운대를한눈에담을수있는어라운드뷰우리만이제공하는특별한서비스를제공합니다.하늘과맞닿을듯한초고층,초호화객실의품격을느끼고프리미엄여행을즐겨보세요.","uccessfuldeliveryofthebestIt'sagreatwaytorelaxationwithyourbusiness.ThisisLCTResidence.AsalandmarkofBusan,ThebeautifulnaturalsceneryispresentedinthecenterofHaeundae.101storieshigh,endlessocean,AroundviewofHaeundaeataglance.Weprovideaspecialservicethatonlyweprovide.Youcanfeelthedignityofasuperluxuriousroomandaskyscraperthattouchesthesky.Enjoyyourpremiumtrip."
MICE전문시설,유니크베뉴,대보름오시리아,Thefullmoon.osirialnc.,"박정선,김은정",(46084)부산광역시기장군기장읍기장해안로98디101호,"98,Gijanghaean-ro,Gijang-eup,Gijang-gun,Busan,Korea",051-1670-8515,www.the-fullmoon.com,예약부서,051-1670-8515,"한국의고유한문화이자정서인정,복,소원성취의이미지를현대적감각으로연출한유니크베뉴'TheFullmoon'입니다.‘TheFullmoon’은청정지역기장의오시리아관광단지에있으며,450평의넓은공간에컨벤션,연회,전시,예식,공연이가능한카페와레스토랑을운영하고있습니다.특히,넓은공간과자연채광속에서국제관광도시부산을방문하는외국인이한국의분위기를감상하며최고의음식과함께회의에참여할수있는최적의마이스유니크베뉴입니다","TheFullmoonisauniqueculturalcomplexthatpresentsKoreantraditionalvaluesuchasaffection,luck,andwishfulfilmentinmodernizedartisticspaces.ItsoperationasacafanddiningplaceatOsiriaTourismComplexhasanopenspaceofabout16,000ft²thatcanalsobetheperfectplaceforbanquets,weddings,exhibitions,performances,andworkshops.Withthesenseofopenness,naturallightingandthetraditionalKoreanatmosphere,TheFullmoonprovidesthebestdistinguishedvenueforanyinternationalMICEevents."
MICE전문시설,호텔/숙박,노떼라미아호텔,NOTTELAMIAHOTEL,주종신외1명,(48822)부산동구대영로265노떼라미아호텔,"(48822)265Daeyoung-ro,Dong-gu,Busan",051-990-1100,http://www.nottelamia.com/,마케팅,051-990-1100,"노떼라미아는아름다운밤이라는이태리어로고객에게아름다운하루를제공하겠다는호텔의목표가담겨있습니다.노떼라미아는총112개의객실을보유하고있으며,연회장2곳이준비되어있습니다.",NotteLaMiaisabeautifulnightinItalyItcontainsthehotel'sgoalofprovidingcustomerswithabeautifulday.NotteLamiahasatotalof112roomsandtwobanquethalls.
MICE전문시설,호텔/숙박,팔레드시즈,PALEDECZ,오승진,"부산해운대구해운대해변로298번길24,103동304호","Room304,103-dong,24,HaeundaeBeach-ro298beon-gil,Haeundae-gu,Busan",,https://www.paledeczcondo.co.kr,영업마케팅,051-746-0985,"부산을방문한이유가무엇이든팔레드시즈콘도는신나고즐거운휴식을위한완벽한장소입니다.해운대비치에서단580m거리에있는팔레드시즈콘도에머무르는동안따스한햇빛,서핑및다양한활동을즐기는시간을보내세요.객실은안락한인테리어및필수용품/시설로최적의편안함을제공하도록고안되었습니다.","WhateverthereasonforvisitingBusan,thePALEDECZCondominiumistheperfectplaceforanexcitingandenjoyablerest.Enjoywarmsunshine,surfingandvariousactivitieswhilestayingatthePALEDECZcondominium,just580mfromHaeundaeBeach.Roomsaredesignedtoprovideoptimalcomfortwithcomfortableinteriorsandessentials/facilities."
MICE전문시설,유니크베뉴,KT&G상상마당,KT&GSANGSANGMADANGBUSAN,최휘영,부산광역시부산진구서면로39,"39,Seomyeon-ro,Busanjim-gu,Busan,Korea",051-604-3902,https://www.sangsangmadang.com/,운영팀,070-8893-0924,"부산의중심서면에개관한KT&G상상마당부산은지상13층,지하5층에연면적약20,000㎡로,현재운영중인상상마당중최대규모입니다.1층부터5층까지는'PLAY'를주제로카페,디자인매장,공연장,갤러리가배치되어있고,5층과6층에는'CO-WORK'를콘셉트로1인크리에이터를위한창작공간과부산지역스타트업을위한창업지원공간이마련되어있습니다.7층부터13층까지는'REFRESH'공간으로숙박시설,F&B,CGV영화관,루프탑등이자리해방문객모두가문화와휴식을즐길수있도록노력하고있습니다.","KT&GSangsangmadangBusan,whichwasopenedinSeomyeonthecenterofBusan,has13thfloorand5thbasementwithatotalfloorareaofabout20,000㎡thelargestSangsangmadangcurrentlyinoperation.Fromthe1stto5thfloors,therearecafes,designstores,concerthalls,andgalleriesunderthethemeofPLAY.Onthe5thand6thfloors,therearecreativespacesforone-personcreatorsundertheconceptof""CO-WORK""andstart-upsupportspacesforstartupsinBusan.Fromthe7thto13thfloors,thereisa""REFRESH""spacewithaccommodations,F&B,movietheaters,androoftop,sothatallvisitorscanenjoycultureandrelaxation."
MICE전문시설,유니크베뉴,클럽디오아시스,CLUBDOASIS,정종찬,부산해운대구달맞이길303~6층,"303-6Dalmaji-gil,Haeundae-gu,Busan",,https://clubdoasis.com,마이스,051-1566-8007,클럽디오아시스는가장유명한관광지이자멋진풍경을가진해운대에위치하고있습니다.고객분들에게잊지못할추억과몸과마음의힐링의극치를선사해드립니다.특히80미터길이의프리미엄인피니티풀은어디에서도볼수없는경이로운랜드마크가될것입니다.,"ClubDioasisislocatedinHaeundae,whichisthemostfamoustouristdestinationandhaswonderfulscenery.Wewillgiveourcustomersunforgettablememoriesandtheultimatehealingoftheirbodyandmind.Inparticular,the80-meter-longPremiumInfinityPoolwillbeaphenomenallandmarkthatyoucan'tseeanywhereelse."
MICE전문시설,호텔,광수호텔,KawngsuHotel,정민정,부산시해운대구해운대해변로221번길22,"Haeundaehaebyun-ro22gil22,Haeundae,Busan//KWANGSUHOTEL",,http://www.kwangsuhotel.co.kr,예약부서,051-710-6100,"부산을상징하는푸른바다를품은해운대에위치한,여유로운휴식과성공적인비즈니스를동시에경험할수있으며,행운을담은민화작품과계절의아름다움을더해줄꽃장식,광수호텔이당신을초대합니다.부산해운대중심의170개객실을2인실,3인실,4인실씨티뷰,오션뷰다양하게소유하고있으며,최대50명수용가능한미팅룸을소유하고있습니다.","WearehappytoinviteyoutotheKWANGSUHOTEL,withafolkpaintingandflowerdecorationsthatwilladdtothebeautyoftheseason.KWANGSUHOTEL,locatedinHaeundae,whichembracestheblueseasymbolizingBusan,istherightplacethatyoucanexperiencerelaxationandsuccessfulbusiness.Itowns170roomsinthecenterofHaeundae,Busan,including2rooms,3rooms,and4rooms,andhasameetingroomthatcanaccommodateupto50people."
MICE전문시설,호텔,케니스테이기장(호텔케니기장),KennystayGijang,김현석,부산광역시기장군기장읍차성동로70,"70,Chaseongdong-ro,Gijang-eup,Gijang-gun,Busan,RepublicofKore",051-990-1100,http://hotelkennygijang.com,예약부서,051-990-1100,"케니스테이기장점은우주파트너스가운영하는56개현장에서서울/제주/여수/부산에케니스테이라는로운영중인비즈니스호텔중하나입니다.케니스테이기장은총136개객실을보유한비즈니스호텔로,세미나실,조식장,피트니스장을보유하고있으며스포츠,인바운드,학생단체,마이스,롱스테이가주력고객입니다.합리적인가격으로높은가치를부여하는기업정신을바탕으로공간운영부문독보적국민기업을목표로공간을운영중에있습니다.","KennystayGijangbranchisoneof56businesshotelsoperatedbySpacePartnersinSeoul,Jeju,Yeosu,andBusancalledKennystay.KennystayGijangisabusinesshotelwithatotalof136rooms,aseminarroom,abreakfastroom,andafitnessfacility,anditsmaincustomersaresports,inboundtourists,MICE,academicgroups,andlong-stayguests.Basedonourcorporatespiritofprovidinghighvalueatreasonableprices,wearecurrentlyoperatingspaceswiththeaimofbecominganationalcompanyuniquetoourspacemanagementdepartment."
MICE전문시설,유니크베뉴,체스154,chess154,이양근,"부산시해운대구해운대해변로154,B1","154,Haeundaehaebyeon-ro,Haeundae-gu,Busan,korea",051-742-0154,www.chess154.com,예약부서,051-742-0154,"체스154는서구의전통게임이자귀족문화인체스에서영감을얻어해운대마린시티에첫선을보인재즈를기반으로한프리미업복합문화(아트테인먼트)공간입니다.클래식한인테리어와다양한음악,와인그리고캐주얼다이닝까지제공하는세대를초월한유니크한도심속아트테인먼트클럽으로재해석한공간입니다.이공간은특정한장르로제한된문화를소개하기보다삶의한부분을채울수있는다양한예술문화복합공간으로구성되었습니다.외형이아닌콘텐츠를추구하는!단순히보고,듣고,먹고,마시는것을넘어'공간소비'라는공간적가치를높이기위해시작된곳입니다.","chess154'isapremiumcomplexcultural(calledart-tainment)spacebasedonjazzthatwasfirst-introducedinMarinecity,haeundaeinspiredbychess,atraditionalWesternboardgameandaristocraticculture.Itisaspacereinterpretedasauniqueurban'art-tainment'clubthattranscendsgenerationsandoffersclassicinteriors,variousmusic,wine,andevencasualdining.Thisspacriscomposedofvariousartandculturalcomplexspacethatcanplaceapartofliferatherthanjustintroducinglimitedcultureandsomeofspecificgenres.pursuecontent,notappearance!morethanjustseeing,hearing,eatinganddrinkingThisiswhereitstartedtoincreasethespatialvalueof'spaceconsumption'."
MICE전문시설,호텔,에이치에비뉴기장일광점,,김옥선,부산시기장군일광읍해송4로3,"H·avenueHotelGijangIlgwang,3,Haesong4-ro,Ilgwang-eup,Gijang-gun,Busan",051-509-1712,https://www.havenuehotel-ig.com/,예약부서,051-723-7970,"부산시기장군일광읍에위치하고있으며2023년04월26일영업허가를받은3성급관광호텔입니다.9가지로세분화된다양한유형의총71객실을보유하고있습니다.고객님들께편의를제공하기위해1층에는로비,비즈니스센터,수화물보관소,2층에는카페테리아,세탁실그리고16층루프탑수영장을운영중에있습니다.부산을찾아주시는국내고객뿐아니라해외방문객유치를위해전직원이최고의서비스로최선을다하고있습니다.더나아가최근에는스포츠기업,교육단체,공기업등과도여러행사를진행하고있습니다.","LocatedinIlgwang-eup,Gijang-gun,Busan,Itisathree-starhotelthatreceivedbusinesslicenseon26April,2023.Wehave71roomsofvarious9types.Toprovideconvenienceforourcustomers,weoperatealobbyandabusinesscenter,luggagestoragein1stfloor.Acafeteriaandlaundryroomisin2ndfloor,alsothereareswimmingpoolonourrooftopin16thfloor.AllemployeesaredoingtheirbestwiththegoodservicetoattractnotonlyKoreanvisiter,alsoforignerswetrytogiveourvestservice.Wearecurrentlyholdingvariouseventswithsportscompanies,educationalorganizations,andpublicenterprises."
MICE전문시설,호텔,소노문해운대,SONOMOONHAEUNDAE,이병천,(48093)부산시해운대구해운대해변로237번길12,"(48093)12,Haeundaehaebyeon-ro237beon-gil,Haeundae-gu,Busan,RepublicofKorea",051-604-3902,https://www.sonohotelsresorts.com/moon_hd,예약부서,051-604-3902,"소노문해운대,축제의도시부산해운대를빠짐없이즐기다.해운대의낮과밤,부산의미식,다양한문화공간,꺼지지않는불빛도시부산.도시여행을계획하고있다면소노문해운대로빈틈없이꽉찬여행을떠나보세요.색다른어반스타일의호텔소노문해운대가비비드하고개성넘치는서비스로당신을달의세계로안내하겠습니다.","WepresentyouwithwonderfulmemoriestoenjoyHaeundaeinBusan,thecityoffestival.LightandNight,PlentyofFoodinBusan,VariousCulturalSpaces,Busanwithanindeliblecityofspectacularlightsalwaysshines.Anyoneplanningatriptothecity,EnjoySONOMoonHaeundae!Auniqueurbanstylehotel,SonomoonHaeundae,willguideyoutotheworldofthemoonwithvividanduniqueservices."
MICE전문시설,호텔,센텀프리미어호텔,CentumPrimierHotel,유정희,"(48060)부산광역시해운대구센텀1로17,301호","(48060)U-dong,17Centum1-ro,haeundae-gu,Busan,Korea",051-747-7933,https://be4.wingsbooking.com/CENTUMPRIME1111,예약부서,051-747-7920,"부산의중심,해운대센텀시티에최고급비즈니스호텔이찾아옵니다.해운대해수욕장과광안리해수욕장이도보로가까운거리에있으며,부산MICE센터인벡스코와신세계,롯데백화점이5분거리에있습니다.비즈니스,쇼핑,관광등다양한인프라를갖춘이상적인입지입니다.저희호텔은깨끗하고아늑한객실과다양한시설을제공하여모든고객님들께최고의서비스와만족을보장해드립니다.","ThefinestbusinesshoteliscomingtoCentumCity,Haeundae,thecenterofBusan.HaeundaeBeachandGwangalliBeacharewithinashortwalkawayandtheBusanMICEcenterBEXCOaswellasShinsegaeandLottedepartmentstoresarefiveminutesaway.Itisideallylocatedwithavarietyofinfrastructure,includingbusiness,shopping,andsightseeing.Ourhotelprovidescleanandcozyguestroomsandvariousfacilitiestoensurethebestserviceandsatisfactionforallguests."
MICE전문시설,호텔,호텔아델라,HotelAdela,박웅열,(49037)부산광역시영도구태종로45103호,"(49037)45,Taejong-ro,Yeongdo-gu,Busan,RepublicofKorea",051-418-8888,www.hoteladela.comwww.instagram.com/hoteladela,예약부서,070-4411-4923,"호텔아델라는부산영도의랜드마크로,대한민국유일의도개교영도대교바로앞에위치한호텔ㄷ입니다.바다와항구전망을갖춘모던한객실,연회장,미팅룸,헬스클럽,옥상정원등다양한부대시설을제공합니다.또한,스카이라운지레스토랑,마사지숍,비즈니스센터등다양한편의시설도완비되어있습니다.남포역도보5분거리,부산역차량8분거리로주요관광지접근성이뛰어나며,비즈니스와여행모두에최적화된호텔입니다.","HotelAdelaisalandmarkofYeongdo,Busan,andislocatedrightinfrontofYeongdoBridge,theonlydrawbridgeinKorea.Itoffersmodernguestroomswithoceanandharborviews,banquethalls,meetingrooms,ahealthclub,andarooftopgarden,amongotherfacilities.Italsohasaskyloungerestaurant,massageshop,andbusinesscenter,amongotheramenities.Itisa5-minutewalkfromNampoStationandan8-minutedrivefromBusanStation,makingiteasilyaccessibletomajortouristattractions,andistheperfecthotelforbothbusinessandtravel."
MICE전문시설,호텔,L7해운대바이롯데,L7HAEUNDAEbyLOTTE,서광일,(48094)부산광역시해운대구해운대로570번길55L7해운대,"(48094)55,Haeun-daero570beon-gil,Haeundae-gu,Busan,RepublicofKorea",051-771-1000,www.lottehotel.com/haeundae-17/ko.htmlwww.facebook.com/L7HOTELS/locale=ko_KRwww.instagram.com/l7_hotels/,예약부서,051-771-1001,"L7해운대바이롯데는휴양과축제그리고낭만가득한국제도시인부산해운대의중심부에위치하여,이도시가주는감성과분위기를느낄수있는라이프스타일호텔입니다.해변에서도보3분거리로해운대역,해리단길,로데오거리,주요관광지및벡스코(BEXCO)로의편리한접근성을자랑합니다.해운대의아름다운낮과밤,진정한휴식과여행의즐거움,성공적인비즈니스와모임등L7해운대바이롯데에서그설렘가득한여정을시작해보시기바랍니다.","L7HAEUNDAEbyLOTTEisnestledinthecenterofHaeundae,Busan,aninternationalcityfilledwithrelaxation,fun,andromance.It'salifestylehotelwhereyoucanimmerseyourselfinthevibrantspiritofthecity.Justa3-minutewalkfromthebeach,itisconvenientlylocatednearmajorlandmarkssuchasHaeundaeStation,Haeridan-gil.RodeoStreet,BEXCO.StartyourjourneyatL7HAUNDAEbyLOTTE,offeringbreathtakingdayandnightviewsofHaundaeasyouenjoytruerelaxation,experiencethethrilloftravel,andevenhavesuccessfulbusinessgatherings."
MICE전문시설,호텔,트레블로지스위트부산센텀,TravelodgeSweetBusanCentum,"정혜정,김경배",(48060)부산광역시해운대구APEC로21905호,"Room21905,APEC-ro,Haeundae-gu,Busan(Udong)",051-000-0000,https://travelodgehotels.asia/ko/hotel/south-korea/,예약부서,051-000-0000,"부산에자리한트레블로지스위트부산센텀에서는전용욕실,에어컨이완비된객실을이용하실수있습니다.숙소는광안리해수욕장에서2.1km,해운대해수욕장에서2.8km거리에있습니다.해당4성급호텔에는ATM(현금지급기),컨시어지서비스등이완비되어있습니다.숙소는투숙객을위한룸서비스,24시간프런트데스크,환전서비스등을제공합니다.트레블로지스위트부산센텀의각객실에는다음이갖추어져있습니다:옷장,평면TV.숙소의객실에는비데,무료세면도구등을갖춘전용욕실및무료Wi-Fi도마련되어있습니다.일부객실은도시전망을갖추고있습니다.트레블로지스위트부산센텀의모든객실에는침대린넨,수건등이마련되어있습니다.트레블로지스위트부산센텀에서뷔페조식을드셔보세요.숙소근처에는센텀시티,신세계센텀시티,벡스코등의주요명소가있습니다.김해국제공항은21km거리에있습니다.비즈니스고객들으로부터9.2점을획득했습니다.","AttheTravelodgeSuiteBusanCentuminBusan,you'llfindexclusivebathroomsandair-conditionedrooms.Theaccommodationis2.1kmfromGwangalliBeachand2.8kmfromHaeundaeBeach.Thefour-starhotelisfullyequippedwithATMsandconciergeservices.Theaccommodationoffersroomserviceforguests,a24-hourfrontdesk,andcurrencyexchangeservices.EachroomattheTravelodgeSuiteBusanCentumisequippedwith:acloset,flat-screenTV.Roomsatthehotelalsohaveprivatebathroomswithbidets,freetoiletries,andfreeWi-Fi.Someroomshavecityviews.AllroomsattheTravelodgeSuiteBusanCentumareequippedwithbedlinen,towels,andmore.TrybuffetbreakfastattheTravelodgeSuiteBusanCentum.NeartheaccommodationaresomeofthemainattractionssuchasCentumCity,ShinsegaeCentumCity,andBEXCO.GimhaeInternationalAirportis21kmaway.Igot9.2pointsfrombusinesscustomers."
MICE전문시설,호텔,이비스앰배서더부산시티센터,IBISAmbassadorBusanCityCentre,나홍열,(47251)부산광역시부산진구중앙대로777이비스앰배서더부산시티센터,"(47251)777,Jungang-daero,Busanjin-gu,Busan,RepublicofKorea",051-930-1100,https://www.ambatel.com/ibis/busan/ko/main.dohttps://www.facebook.com/ibishotel.busan,예약부서,051-1899-3399,"이비스앰배서더부산시티센터는부산의중심지에위치한현대적인호텔로,편리한교통과다양한관광지와의접근성이뛰어나비즈니스와관광모두에적합한곳입니다.깔끔하고아늑한객실과합리적인가격으로편안한숙박을제공합니다","IbisAmbassadorBusanCityCentreisamodernhotellocatedintheheartofBusan,offeringexcellentaccesstotransportationandvarioustouristattractions,makingitperfectforbothbusinessandleisure.Withclean,cozyroomsandaffordableprices,itprovidesacomfortablestay."
MICE전문시설,호텔,센텀비즈니스호텔,CentumBusinessHotel,김현주,(48060)부산광역시해운대구센텀1로17센텀비즈니스호텔,"(48060)17,Centum1ro,Haeundae-gu,Busan,RepublicofKOREA",051-731-6100,https://centumbusinesshotel.com/https://blog.naver.com/centumbusinesshotel,예약부서,051-930-1166,"부산의중심,해운대센텀시티에위치한센텀비즈니스호텔은도심속여유를느낄수있는4성급호텔로서비즈니스,쇼핑,관광등의다양한인프라를갖춘최적의위치에입지하고있습니다.(벡스코도보5분거리)","CentumBusinessHotel,locatedinHaeundaeCentumCity,thecenterofCentum,isa4-starhotelandalsolocatedinanoptimallocationwithvariousinfrastructureforbusiness,shoppingandtourism."
MICE전문시설,유니크베뉴,스페이스별일,SPACEBYULIL,정연희,(47303)부산광역시부산진구전포대로224번길17스페이스별일,"17,Jeonpo-daero224beon-gil,Busanjin-gu,Busan,RepublicofKorea",051-987-1124,https://byulil.co.krhttps://www.instagram.com/byul.il,예약부서,051-987-1124,"스페이스별일은부산에서가장젊은거리인전포동카페거리중심에위치한복합문화공간입니다.1~3층의다양한공간을통해전시,팝업스토어,오프라인행사등을진행하시는것이가능합니다.행사마다담당매니저가배정되어기획하신행사를위한서비스를현장에서맞춤식으로제공합니다.","SpaceByulil'isamultifacetedculturalvenuelocatedinJeonpo-dong'sCafeStreet,Formerlyachildren'sdaycarecenter,ithasbeentransformedintoaspacewhereartistsandcreatorsbringtheirprojectstolife.Thevenuefeaturesagallery,pop-upzone,cafe,androoftop,hostingvariouseventsincludingexhibitions,performances,andparties."
MICE전문시설,호텔,호텔AG405,HOTELAG405,김충현,(48280)부산광역시수영구민락수변로141호텔AG405,"(48280)141MinrakSubyeon-ro,Suyeong-gu,Busan",051-757-2500,https://ag405hotel.com/https://www.instagram.com/ag405_hotel_igsh=MWc3YTY5NWUxeTl2OA==,예약부서,070-4197-6429,"ANOTHERGATE405,당신의감성은무슨색채인가요호텔AG405는또다른공간,힐링공간,쉼의공간여행자를위한이러한공간을고민했고,또다른문을열고들어가면결국감성의색채를입힌힐링공간즉AnotherGate를만날수있습니다.","ANOTHERGATE405,whatcolorisyoursensibilityHotelAG405isanotherspace,ahealingspace,aplaceofrelaxation,andthiskindofspacefortravelersIthoughtaboutit,andwhenIopenedanotherdoor,itendedupbeingahealingspacewithemotionalcolorsInotherwords,youcanmeetAnotherGate."
MICE전문시설,호텔,반얀트리부산해운대,BanyanTreeBusanHaeundae,MartinBrenner,(46082)부산시기장군기장읍연화리445,"(46082)445Yeonhwa-ri,Gijang-eup,Gijang-gun,Korea",051-1899-3399,https://banyantreebusan.com/,예약부서,051-1899-3399,"""반얀트리부산해운대""는반얀그룹브랜드중최고등급의럭셔리브랜드로서세계적인휴양호텔의탑리더로서자리매김하고있다.반얀그룹은22개국가75개의호텔과리조트,121개의스파및갤러리를운영하는글로벌기업입니다.반얀트리부산해운대는2025년연말오픈을예정하고있으며,동부산관광단지내에위치하고있다.총객실수195실로호텔객실면적은73제곱미터로5성호텔중가장넓은객실이다.모든객실은바다전망을바라보고있다.연회장은200명수용이가능한그랜드볼룸및소연회장3개,채플을보유하고있으며,총면적698제곱미터이다.반얀트리내특화시설인버티고,샤프란,반얀트리스파를모두보유한전세계3번째호텔이며,반얀트리부산해운대의오픈으로부산의관광산업이럭셔리시장으로서성장할수있을것으로기대한다.","""BanyanTreeBusanHaeundae""isthehighest-gradeluxurybrandamongBanyanGroupbrands,andhasestablisheditselfasatopleaderinworld-classresorthotelindustry.BanyanGroupisaglobalcompanythatoperates75hotelsandresorts,121spasandgalleriesin22countries.BanyanTree'sceaselesseffortstowardtheperfectsanctuaryarealreadyprovenbymorethan3,000awardswithinternationalauthority.ItispreparingtoopeninDecember2025toearly2026.BanyanTreeBusanHaeundaeislocatedintheEastBusanTouristComplexandhasatotalof195guestrooms,withahotelroomareaof73squaremeters,thelargestroomamong5-starhotels.Allroomshaveoceanviewwithpool.BanquetRoomsareGrandballroomwhichcanaccommodate200people.3meetingroomsandachapelwithatotalareaof698squaremeters.ItisthethirdhotelintheworldtohaveallofBanyanTree'sspecialtyfacilities,Vertigo,Saffron,andBanyanTreeSpa,andtheopeningofBanyanTreeBusanHaeundaeisexpectedtocontributeBusan'stourismindustrygrowasaluxurymarket."
MICE전문시설,호텔,센트럴세븐호텔바이권부산서면,Central7HotelbyKwonBusanSeomyeon,권태혁,"부산광역시부산진구중앙대로777(부전동,서면호텔복합시설)","777,Jungang-daero,Busanjin-gu,Busan,RepublicofKorea",051-930-1166,https://central7hotel.co.kr/html/index.html,세일즈마케팅,051-930-1166,"센트럴세븐호텔byKwon부산서면은부산의비즈니스와쇼핑의중심지인서면에위치하고있으며합리적인가격으로시내중심지에머무르기를원하시는비즈니스고객과도심의여유로운주말을선호하는레저여행객모두에게최고의안락함을선사합니다.편안하고쾌적한객실환경과함께밝은미소,친절한서비스,질높은음식을제공함으로써고객만족을위하여노력하며,지속적으로인적자원개발및서비스교육에앞장서세계적인수준의서비스로고객을맞이하고있습니다.센트럴세븐호텔byKwon부산서면은고객한분한분에게내집같은편안함과소중한추억이될수있도록최선을다하겠습니다.","LocatedinSeomyeon,thebusinessandshoppinghubofBusan,theCentralSevenHotelbyKwonBusanSeomyeonoffersthebestcomfortforbothbusinesscustomerswhowanttostayinthecitycenteratreasonablepricesandleisuretravelerswhopreferaleisurelyweekendinthecitycenter.Westriveforcustomersatisfactionbyprovidingbrightsmiles,friendlyservices,andhigh-qualityfoodalongwithacomfortableandpleasantroomenvironment,andcontinuetotaketheleadinhumanresourcedevelopmentandserviceeducationtowelcomecustomerswithworld-classservices.CentralSevenHotelbyKwonBusanSeomyeonwilldoitsbesttomakeeachcustomerfeelcomfortableandpreciousmemorieslikemyhome."
MICE전문시설,호텔,하얏트플레이스부산연산,HYATTPLACEBUSANYEONSAN,정한식,부산광역시연제구중앙대로1121,"1121Jungang-daero,Yeonje-gu,Busan,RepublicofKorea",051-853-2290,https://www.hyatt.com/hyatt-place/en-US/buszy-hyatt-place-busan-yeonsansrc=vanity_hyattplacebusanyeonsan.com,예약부서,051-853-2290,"하얏트플레이스부산연산은글로벌호텔브랜드하얏트의셀렉트서비스호텔로부산연제구중앙대로에위치해있다.161개객실과레스토랑,피트니스센터,미팅룸등편의시설을갖추고있으며,지하철연산역인접으로접근성이우수해비즈니스및MICE행사참가객숙박에적합하다.","HyattPlaceBusanYeonsanisaselect-servicehotelundertheglobalHyattbrand,locatedinYeonje-guBusan.Thehotelfeatures161guestrooms,arestaurant,afitnesscenter,andmeetingfacilities.WithconvenientaccesstoYeonsanStation,itprovidesanidealaccommodationoptionforbusinesstravelersandMICEparticipants."
MICE전문시설,호텔,주식회사아난티오시리아제1지점,ANANTI,이만규,부산광역시기장군기장읍기장해안로267-7빌라쥬드아난티,"VillazoodeAnanti,267-7Gijanghaean-ro,Gijang-eup,Gijang-gun,Busan,RepublicofKorea",051-509-1712,https://ananti.kr/ko/village,Sales,051-509-1712,"빌라쥬드아난티는부산을대표하는프리미엄호텔&리조트로,호텔·연회장·레스토랑·문화공간을아우르는복합휴양시설입니다.대규모연회및기업행사운영경험을바탕으로MICE행사에최적화된공간과서비스를제공하며,지역관광및마이스산업활성화에기여하고있습니다.","VillagedeAnantiisapremierhotelandresortinBusan,offeringanintegratedleisuredestinationthatencompassesaccommodations,banquethalls,restaurants,andculturalspaces.Withextensiveexperienceinhostinglarge-scalebanquetsandcorporateevents,weprovideoptimizedvenuesandprofessionalservicesforMICEevents,contributingtothegrowthoftheregionaltourismandMICEindustry."
